#ifndef FALL_MODEL_H
#define FALL_MODEL_H


unsigned int fall_model_len = 25708;
unsigned char fall_model[] = {
 0x1c, 0x00, 0x00, 0x00, 0x54, 0x46, 0x4c, 0x33, 0x14, 0x00, 0x20, 0x00,
  0x04, 0x00, 0x08, 0x00, 0x0c, 0x00, 0x10, 0x00, 0x14, 0x00, 0x00, 0x00,
  0x18, 0x00, 0x1c, 0x00, 0x14, 0x00, 0x00, 0x00, 0x03, 0x00, 0x00, 0x00,
  0x18, 0x00, 0x00, 0x00, 0x30, 0x00, 0x00, 0x00, 0x10, 0x01, 0x00, 0x00,
  0x30, 0x00, 0x00, 0x00, 0xb8, 0x00, 0x00, 0x00, 0xb0, 0x00, 0x00, 0x00,
  0x06, 0x00, 0x00, 0x00, 0x20, 0x0d, 0x00, 0x00, 0x74, 0x0b, 0x00, 0x00,
  0x98, 0x0a, 0x00, 0x00, 0x28, 0x04, 0x00, 0x00, 0x64, 0x03, 0x00, 0x00,
  0x28, 0x02, 0x00, 0x00, 0x01, 0x00, 0x00, 0x00, 0x04, 0x01, 0x00, 0x00,
  0x21, 0x00, 0x00, 0x00, 0x04, 0x64, 0x00, 0x00, 0x00, 0x64, 0x00, 0x00,
  0xa0, 0x62, 0x00, 0x00, 0x24, 0x62, 0x00, 0x00, 0x98, 0x61, 0x00, 0x00,
  0xe8, 0x60, 0x00, 0x00, 0xf4, 0x5f, 0x00, 0x00, 0x80, 0x5e, 0x00, 0x00,
  0x30, 0x3e, 0x00, 0x00, 0xdc, 0x3c, 0x00, 0x00, 0x6c, 0x3c, 0x00, 0x00,
  0xac, 0x3b, 0x00, 0x00, 0xfc, 0x3a, 0x00, 0x00, 0x4c, 0x3a, 0x00, 0x00,
  0x10, 0x39, 0x00, 0x00, 0xa0, 0x30, 0x00, 0x00, 0xb0, 0x2f, 0x00, 0x00,
  0xb4, 0x2d, 0x00, 0x00, 0x44, 0x0d, 0x00, 0x00, 0xb8, 0x63, 0x00, 0x00,
  0xb4, 0x63, 0x00, 0x00, 0xb0, 0x63, 0x00, 0x00, 0xac, 0x63, 0x00, 0x00,
  0xa8, 0x63, 0x00, 0x00, 0xa4, 0x63, 0x00, 0x00, 0xa0, 0x63, 0x00, 0x00,
  0x9c, 0x63, 0x00, 0x00, 0x98, 0x63, 0x00, 0x00, 0x94, 0x63, 0x00, 0x00,
  0x90, 0x63, 0x00, 0x00, 0x8c, 0x63, 0x00, 0x00, 0x88, 0x63, 0x00, 0x00,
  0x3c, 0x00, 0x00, 0x00, 0x00, 0x00, 0x00, 0x00, 0x01, 0x00, 0x00, 0x00,
  0x0c, 0x00, 0x00, 0x00, 0x08, 0x00, 0x0c, 0x00, 0x04, 0x00, 0x08, 0x00,
  0x08, 0x00, 0x00, 0x00, 0x08, 0x00, 0x00, 0x00, 0x20, 0x00, 0x00, 0x00,
  0x13, 0x00, 0x00, 0x00, 0x6d, 0x69, 0x6e, 0x5f, 0x72, 0x75, 0x6e, 0x74,
  0x69, 0x6d, 0x65, 0x5f, 0x76, 0x65, 0x72, 0x73, 0x69, 0x6f, 0x6e, 0x00,
  0x1a, 0x9e, 0xff, 0xff, 0x04, 0x00, 0x00, 0x00, 0x10, 0x00, 0x00, 0x00,
  0x31, 0x2e, 0x36, 0x2e, 0x30, 0x00, 0x00, 0x00, 0x00, 0x00, 0x00, 0x00,
  0x00, 0x00, 0x00, 0x00, 0x0f, 0x00, 0x00, 0x00, 0x4d, 0x4c, 0x49, 0x52,
  0x20, 0x43, 0x6f, 0x6e, 0x76, 0x65, 0x72, 0x74, 0x65, 0x64, 0x2e, 0x00,
  0x00, 0x00, 0x0e, 0x00, 0x18, 0x00, 0x04, 0x00, 0x08, 0x00, 0x0c, 0x00,
  0x10, 0x00, 0x14, 0x00, 0x0e, 0x00, 0x00, 0x00, 0x14, 0x00, 0x00, 0x00,
  0x90, 0x00, 0x00, 0x00, 0x94, 0x00, 0x00, 0x00, 0x98, 0x00, 0x00, 0x00,
  0xcc, 0x00, 0x00, 0x00, 0x1f, 0x00, 0x00, 0x00, 0x98, 0x62, 0x00, 0x00,
  0x28, 0x62, 0x00, 0x00, 0x24, 0x61, 0x00, 0x00, 0xa8, 0x60, 0x00, 0x00,
  0x20, 0x60, 0x00, 0x00, 0x6c, 0x5f, 0x00, 0x00, 0x78, 0x5e, 0x00, 0x00,
  0x28, 0x5d, 0x00, 0x00, 0xd4, 0x3c, 0x00, 0x00, 0x68, 0x3b, 0x00, 0x00,
  0xec, 0x3a, 0x00, 0x00, 0x34, 0x3a, 0x00, 0x00, 0x84, 0x39, 0x00, 0x00,
  0xc8, 0x38, 0x00, 0x00, 0x98, 0x37, 0x00, 0x00, 0x28, 0x2f, 0x00, 0x00,
  0x2c, 0x2e, 0x00, 0x00, 0x3c, 0x2c, 0x00, 0x00, 0xac, 0x0b, 0x00, 0x00,
  0x00, 0x0a, 0x00, 0x00, 0x24, 0x09, 0x00, 0x00, 0x2c, 0x08, 0x00, 0x00,
  0xb0, 0x06, 0x00, 0x00, 0x00, 0x06, 0x00, 0x00, 0x38, 0x05, 0x00, 0x00,
  0xf4, 0x03, 0x00, 0x00, 0x44, 0x03, 0x00, 0x00, 0x9c, 0x02, 0x00, 0x00,
  0xd8, 0x01, 0x00, 0x00, 0x14, 0x01, 0x00, 0x00, 0x98, 0x00, 0x00, 0x00,
  0x01, 0x00, 0x00, 0x00, 0x00, 0x00, 0x00, 0x00, 0x01, 0x00, 0x00, 0x00,
  0x1e, 0x00, 0x00, 0x00, 0x0d, 0x00, 0x00, 0x00, 0xfc, 0x0a, 0x00, 0x00,
  0x5c, 0x09, 0x00, 0x00, 0x7c, 0x08, 0x00, 0x00, 0xa4, 0x07, 0x00, 0x00,
  0x28, 0x06, 0x00, 0x00, 0x78, 0x05, 0x00, 0x00, 0xb0, 0x04, 0x00, 0x00,
  0x6c, 0x03, 0x00, 0x00, 0xbc, 0x02, 0x00, 0x00, 0x14, 0x02, 0x00, 0x00,
  0x40, 0x01, 0x00, 0x00, 0x98, 0x00, 0x00, 0x00, 0x10, 0x00, 0x00, 0x00,
  0x04, 0x00, 0x00, 0x00, 0x6d, 0x61, 0x69, 0x6e, 0x00, 0x00, 0x00, 0x00,
  0xee, 0xf6, 0xff, 0xff, 0x00, 0x00, 0x00, 0x09, 0x05, 0x00, 0x00, 0x00,
  0x1c, 0x00, 0x00, 0x00, 0x10, 0x00, 0x00, 0x00, 0x04, 0x00, 0x00, 0x00,
  0x5e, 0x9f, 0xff, 0xff, 0x00, 0x00, 0x80, 0x3f, 0x01, 0x00, 0x00, 0x00,
  0x1e, 0x00, 0x00, 0x00, 0x01, 0x00, 0x00, 0x00, 0x1d, 0x00, 0x00, 0x00,
  0x28, 0xf5, 0xff, 0xff, 0x19, 0x00, 0x00, 0x00, 0x00, 0x00, 0x00, 0x19,
  0x01, 0x00, 0x00, 0x00, 0x8c, 0x9e, 0xff, 0xff, 0x14, 0x00, 0x00, 0x00,
  0x1f, 0x00, 0x00, 0x00, 0x24, 0x00, 0x00, 0x00, 0x30, 0x00, 0x00, 0x00,
  0x10, 0x00, 0x00, 0x00, 0x02, 0x00, 0x00, 0x00, 0x01, 0x00, 0x00, 0x00,
  0x02, 0x00, 0x00, 0x00, 0x02, 0x00, 0x00, 0x00, 0xff, 0xff, 0xff, 0xff,
  0x02, 0x00, 0x00, 0x00, 0x08, 0x00, 0x00, 0x00, 0x49, 0x64, 0x65, 0x6e,
  0x74, 0x69, 0x74, 0x79, 0x00, 0x00, 0x00, 0x00, 0x68, 0x9e, 0xff, 0xff,
  0x72, 0xf7, 0xff, 0xff, 0x00, 0x00, 0x00, 0x08, 0x04, 0x00, 0x00, 0x00,
  0x18, 0x00, 0x00, 0x00, 0x0c, 0x00, 0x00, 0x00, 0x04, 0x00, 0x00, 0x00,
  0x84, 0x9e, 0xff, 0xff, 0x01, 0x00, 0x00, 0x00, 0x1d, 0x00, 0x00, 0x00,
  0x03, 0x00, 0x00, 0x00, 0x1c, 0x00, 0x00, 0x00, 0x08, 0x00, 0x00, 0x00,
  0x02, 0x00, 0x00, 0x00, 0x04, 0x9f, 0xff, 0xff, 0x14, 0x00, 0x00, 0x00,
  0x1e, 0x00, 0x00, 0x00, 0x24, 0x00, 0x00, 0x00, 0x5c, 0x00, 0x00, 0x00,
  0x10, 0x00, 0x00, 0x00, 0x02, 0x00, 0x00, 0x00, 0x01, 0x00, 0x00, 0x00,
  0x02, 0x00, 0x00, 0x00, 0x02, 0x00, 0x00, 0x00, 0xff, 0xff, 0xff, 0xff,
  0x02, 0x00, 0x00, 0x00, 0x34, 0x00, 0x00, 0x00, 0x73, 0x65, 0x71, 0x75,
  0x65, 0x6e, 0x74, 0x69, 0x61, 0x6c, 0x2f, 0x64, 0x65, 0x6e, 0x73, 0x65,
  0x5f, 0x31, 0x2f, 0x4d, 0x61, 0x74, 0x4d, 0x75, 0x6c, 0x3b, 0x73, 0x65,
  0x71, 0x75, 0x65, 0x6e, 0x74, 0x69, 0x61, 0x6c, 0x2f, 0x64, 0x65, 0x6e,
  0x73, 0x65, 0x5f, 0x31, 0x2f, 0x42, 0x69, 0x61, 0x73, 0x41, 0x64, 0x64,
  0x00, 0x00, 0x00, 0x00, 0x0c, 0x9f, 0xff, 0xff, 0xf2, 0xf8, 0xff, 0xff,
  0x00, 0x00, 0x00, 0x08, 0x04, 0x00, 0x00, 0x00, 0x24, 0x00, 0x00, 0x00,
  0x18, 0x00, 0x00, 0x00, 0x0c, 0x00, 0x00, 0x00, 0x00, 0x00, 0x06, 0x00,
  0x08, 0x00, 0x07, 0x00, 0x06, 0x00, 0x00, 0x00, 0x00, 0x00, 0x00, 0x01,
  0x01, 0x00, 0x00, 0x00, 0x1c, 0x00, 0x00, 0x00, 0x03, 0x00, 0x00, 0x00,
  0x1b, 0x00, 0x00, 0x00, 0x07, 0x00, 0x00, 0x00, 0x01, 0x00, 0x00, 0x00,
  0x60, 0xf6, 0xff, 0xff, 0x09, 0x00, 0x00, 0x00, 0x00, 0x00, 0x00, 0x09,
  0x01, 0x00, 0x00, 0x00, 0xc4, 0x9f, 0xff, 0xff, 0x14, 0x00, 0x00, 0x00,
  0x1d, 0x00, 0x00, 0x00, 0x24, 0x00, 0x00, 0x00, 0x6c, 0x00, 0x00, 0x00,
  0x10, 0x00, 0x00, 0x00, 0x02, 0x00, 0x00, 0x00, 0x01, 0x00, 0x00, 0x00,
  0x20, 0x00, 0x00, 0x00, 0x02, 0x00, 0x00, 0x00, 0xff, 0xff, 0xff, 0xff,
  0x20, 0x00, 0x00, 0x00, 0x46, 0x00, 0x00, 0x00, 0x73, 0x65, 0x71, 0x75,
  0x65, 0x6e, 0x74, 0x69, 0x61, 0x6c, 0x2f, 0x64, 0x65, 0x6e, 0x73, 0x65,
  0x2f, 0x4d, 0x61, 0x74, 0x4d, 0x75, 0x6c, 0x3b, 0x73, 0x65, 0x71, 0x75,
  0x65, 0x6e, 0x74, 0x69, 0x61, 0x6c, 0x2f, 0x64, 0x65, 0x6e, 0x73, 0x65,
  0x2f, 0x52, 0x65, 0x6c, 0x75, 0x3b, 0x73, 0x65, 0x71, 0x75, 0x65, 0x6e,
  0x74, 0x69, 0x61, 0x6c, 0x2f, 0x64, 0x65, 0x6e, 0x73, 0x65, 0x2f, 0x42,
  0x69, 0x61, 0x73, 0x41, 0x64, 0x64, 0x00, 0x00, 0xdc, 0x9f, 0xff, 0xff,
  0xe6, 0xf8, 0xff, 0xff, 0x00, 0x00, 0x00, 0x1b, 0x03, 0x00, 0x00, 0x00,
  0x18, 0x00, 0x00, 0x00, 0x0c, 0x00, 0x00, 0x00, 0x04, 0x00, 0x00, 0x00,
  0xf8, 0x9f, 0xff, 0xff, 0x01, 0x00, 0x00, 0x00, 0x1b, 0x00, 0x00, 0x00,
  0x02, 0x00, 0x00, 0x00, 0x1a, 0x00, 0x00, 0x00, 0x03, 0x00, 0x00, 0x00,
  0x20, 0xf7, 0xff, 0xff, 0x28, 0x00, 0x00, 0x00, 0x00, 0x00, 0x00, 0x28,
  0x01, 0x00, 0x00, 0x00, 0x84, 0xa0, 0xff, 0xff, 0x14, 0x00, 0x00, 0x00,
  0x1c, 0x00, 0x00, 0x00, 0x24, 0x00, 0x00, 0x00, 0x50, 0x00, 0x00, 0x00,
  0x10, 0x00, 0x00, 0x00, 0x02, 0x00, 0x00, 0x00, 0x01, 0x00, 0x00, 0x00,
  0x40, 0x00, 0x00, 0x00, 0x02, 0x00, 0x00, 0x00, 0xff, 0xff, 0xff, 0xff,
  0x40, 0x00, 0x00, 0x00, 0x28, 0x00, 0x00, 0x00, 0x73, 0x65, 0x71, 0x75,
  0x65, 0x6e, 0x74, 0x69, 0x61, 0x6c, 0x2f, 0x67, 0x6c, 0x6f, 0x62, 0x61,
  0x6c, 0x5f, 0x61, 0x76, 0x65, 0x72, 0x61, 0x67, 0x65, 0x5f, 0x70, 0x6f,
  0x6f, 0x6c, 0x69, 0x6e, 0x67, 0x32, 0x64, 0x2f, 0x4d, 0x65, 0x61, 0x6e,
  0x00, 0x00, 0x00, 0x00, 0x80, 0xa0, 0xff, 0xff, 0x8a, 0xf9, 0xff, 0xff,
  0x00, 0x00, 0x00, 0x05, 0x02, 0x00, 0x00, 0x00, 0x2c, 0x00, 0x00, 0x00,
  0x20, 0x00, 0x00, 0x00, 0x04, 0x00, 0x00, 0x00, 0x56, 0xfa, 0xff, 0xff,
  0x02, 0x00, 0x00, 0x00, 0x01, 0x00, 0x00, 0x00, 0x02, 0x00, 0x00, 0x00,
  0x01, 0x00, 0x00, 0x00, 0x00, 0x00, 0x00, 0x01, 0x01, 0x00, 0x00, 0x00,
  0x1a, 0x00, 0x00, 0x00, 0x01, 0x00, 0x00, 0x00, 0x19, 0x00, 0x00, 0x00,
  0x28, 0xa1, 0xff, 0xff, 0x14, 0x00, 0x00, 0x00, 0x1b, 0x00, 0x00, 0x00,
  0x34, 0x00, 0x00, 0x00, 0x58, 0x00, 0x00, 0x00, 0x18, 0x00, 0x00, 0x00,
  0x04, 0x00, 0x00, 0x00, 0x01, 0x00, 0x00, 0x00, 0x0d, 0x00, 0x00, 0x00,
  0x01, 0x00, 0x00, 0x00, 0x40, 0x00, 0x00, 0x00, 0x04, 0x00, 0x00, 0x00,
  0xff, 0xff, 0xff, 0xff, 0x0d, 0x00, 0x00, 0x00, 0x01, 0x00, 0x00, 0x00,
  0x40, 0x00, 0x00, 0x00, 0x22, 0x00, 0x00, 0x00, 0x73, 0x65, 0x71, 0x75,
  0x65, 0x6e, 0x74, 0x69, 0x61, 0x6c, 0x2f, 0x6d, 0x61, 0x78, 0x5f, 0x70,
  0x6f, 0x6f, 0x6c, 0x69, 0x6e, 0x67, 0x32, 0x64, 0x5f, 0x32, 0x2f, 0x4d,
  0x61, 0x78, 0x50, 0x6f, 0x6f, 0x6c, 0x00, 0x00, 0x2c, 0xa1, 0xff, 0xff,
  0x36, 0xfa, 0xff, 0xff, 0x00, 0x00, 0x00, 0x01, 0x01, 0x00, 0x00, 0x00,
  0x24, 0x00, 0x00, 0x00, 0x18, 0x00, 0x00, 0x00, 0x04, 0x00, 0x00, 0x00,
  0x28, 0xfa, 0xff, 0xff, 0x01, 0x00, 0x00, 0x00, 0x01, 0x00, 0x00, 0x00,
  0x00, 0x00, 0x01, 0x01, 0x01, 0x00, 0x00, 0x00, 0x19, 0x00, 0x00, 0x00,
  0x03, 0x00, 0x00, 0x00, 0x18, 0x00, 0x00, 0x00, 0x11, 0x00, 0x00, 0x00,
  0x06, 0x00, 0x00, 0x00, 0xd4, 0xa1, 0xff, 0xff, 0x14, 0x00, 0x00, 0x00,
  0x1a, 0x00, 0x00, 0x00, 0x34, 0x00, 0x00, 0x00, 0xec, 0x00, 0x00, 0x00,
  0x18, 0x00, 0x00, 0x00, 0x04, 0x00, 0x00, 0x00, 0x01, 0x00, 0x00, 0x00,
  0x1a, 0x00, 0x00, 0x00, 0x01, 0x00, 0x00, 0x00, 0x40, 0x00, 0x00, 0x00,
  0x04, 0x00, 0x00, 0x00, 0xff, 0xff, 0xff, 0xff, 0x1a, 0x00, 0x00, 0x00,
  0x01, 0x00, 0x00, 0x00, 0x40, 0x00, 0x00, 0x00, 0xb5, 0x00, 0x00, 0x00,
  0x73, 0x65, 0x71, 0x75, 0x65, 0x6e, 0x74, 0x69, 0x61, 0x6c, 0x2f, 0x73,
  0x65, 0x70, 0x61, 0x72, 0x61, 0x62, 0x6c, 0x65, 0x5f, 0x63, 0x6f, 0x6e,
  0x76, 0x32, 0x64, 0x5f, 0x32, 0x2f, 0x52, 0x65, 0x6c, 0x75, 0x3b, 0x73,
  0x65, 0x71, 0x75, 0x65, 0x6e, 0x74, 0x69, 0x61, 0x6c, 0x2f, 0x73, 0x65,
  0x70, 0x61, 0x72, 0x61, 0x62, 0x6c, 0x65, 0x5f, 0x63, 0x6f, 0x6e, 0x76,
  0x32, 0x64, 0x5f, 0x32, 0x2f, 0x42, 0x69, 0x61, 0x73, 0x41, 0x64, 0x64,
  0x3b, 0x73, 0x65, 0x71, 0x75, 0x65, 0x6e, 0x74, 0x69, 0x61, 0x6c, 0x2f,
  0x73, 0x65, 0x70, 0x61, 0x72, 0x61, 0x62, 0x6c, 0x65, 0x5f, 0x63, 0x6f,
  0x6e, 0x76, 0x32, 0x64, 0x5f, 0x32, 0x2f, 0x73, 0x65, 0x70, 0x61, 0x72,
  0x61, 0x62, 0x6c, 0x65, 0x5f, 0x63, 0x6f, 0x6e, 0x76, 0x32, 0x64, 0x3b,
  0x73, 0x65, 0x71, 0x75, 0x65, 0x6e, 0x74, 0x69, 0x61, 0x6c, 0x2f, 0x73,
  0x65, 0x70, 0x61, 0x72, 0x61, 0x62, 0x6c, 0x65, 0x5f, 0x63, 0x6f, 0x6e,
  0x76, 0x32, 0x64, 0x5f, 0x32, 0x2f, 0x42, 0x69, 0x61, 0x73, 0x41, 0x64,
  0x64, 0x2f, 0x52, 0x65, 0x61, 0x64, 0x56, 0x61, 0x72, 0x69, 0x61, 0x62,
  0x6c, 0x65, 0x4f, 0x70, 0x2f, 0x72, 0x65, 0x73, 0x6f, 0x75, 0x72, 0x63,
  0x65, 0x00, 0x00, 0x00, 0x6c, 0xa2, 0xff, 0xff, 0xda, 0xf9, 0xff, 0xff,
  0x00, 0x00, 0x00, 0x02, 0x28, 0x00, 0x00, 0x00, 0x1c, 0x00, 0x00, 0x00,
  0x04, 0x00, 0x00, 0x00, 0xcc, 0xf9, 0xff, 0xff, 0x01, 0x00, 0x00, 0x00,
  0x01, 0x00, 0x00, 0x00, 0x01, 0x00, 0x00, 0x00, 0x00, 0x00, 0x00, 0x01,
  0x01, 0x00, 0x00, 0x00, 0x18, 0x00, 0x00, 0x00, 0x03, 0x00, 0x00, 0x00,
  0x17, 0x00, 0x00, 0x00, 0x10, 0x00, 0x00, 0x00, 0x0f, 0x00, 0x00, 0x00,
  0x14, 0xa3, 0xff, 0xff, 0x14, 0x00, 0x00, 0x00, 0x19, 0x00, 0x00, 0x00,
  0x34, 0x00, 0x00, 0x00, 0x70, 0x00, 0x00, 0x00, 0x18, 0x00, 0x00, 0x00,
  0x04, 0x00, 0x00, 0x00, 0x01, 0x00, 0x00, 0x00, 0x1a, 0x00, 0x00, 0x00,
  0x01, 0x00, 0x00, 0x00, 0x20, 0x00, 0x00, 0x00, 0x04, 0x00, 0x00, 0x00,
  0xff, 0xff, 0xff, 0xff, 0x1a, 0x00, 0x00, 0x00, 0x01, 0x00, 0x00, 0x00,
  0x20, 0x00, 0x00, 0x00, 0x39, 0x00, 0x00, 0x00, 0x73, 0x65, 0x71, 0x75,
  0x65, 0x6e, 0x74, 0x69, 0x61, 0x6c, 0x2f, 0x73, 0x65, 0x70, 0x61, 0x72,
  0x61, 0x62, 0x6c, 0x65, 0x5f, 0x63, 0x6f, 0x6e, 0x76, 0x32, 0x64, 0x5f,
  0x32, 0x2f, 0x73, 0x65, 0x70, 0x61, 0x72, 0x61, 0x62, 0x6c, 0x65, 0x5f,
  0x63, 0x6f, 0x6e, 0x76, 0x32, 0x64, 0x2f, 0x64, 0x65, 0x70, 0x74, 0x68,
  0x77, 0x69, 0x73, 0x65, 0x32, 0x00, 0x00, 0x00, 0x30, 0xa3, 0xff, 0xff,
  0x3a, 0xfc, 0xff, 0xff, 0x00, 0x00, 0x00, 0x05, 0x02, 0x00, 0x00, 0x00,
  0x2c, 0x00, 0x00, 0x00, 0x20, 0x00, 0x00, 0x00, 0x04, 0x00, 0x00, 0x00,
  0x06, 0xfd, 0xff, 0xff, 0x02, 0x00, 0x00, 0x00, 0x01, 0x00, 0x00, 0x00,
  0x02, 0x00, 0x00, 0x00, 0x01, 0x00, 0x00, 0x00, 0x00, 0x00, 0x00, 0x01,
  0x01, 0x00, 0x00, 0x00, 0x17, 0x00, 0x00, 0x00, 0x01, 0x00, 0x00, 0x00,
  0x16, 0x00, 0x00, 0x00, 0xd8, 0xa3, 0xff, 0xff, 0x14, 0x00, 0x00, 0x00,
  0x18, 0x00, 0x00, 0x00, 0x34, 0x00, 0x00, 0x00, 0x58, 0x00, 0x00, 0x00,
  0x18, 0x00, 0x00, 0x00, 0x04, 0x00, 0x00, 0x00, 0x01, 0x00, 0x00, 0x00,
  0x1c, 0x00, 0x00, 0x00, 0x01, 0x00, 0x00, 0x00, 0x20, 0x00, 0x00, 0x00,
  0x04, 0x00, 0x00, 0x00, 0xff, 0xff, 0xff, 0xff, 0x1c, 0x00, 0x00, 0x00,
  0x01, 0x00, 0x00, 0x00, 0x20, 0x00, 0x00, 0x00, 0x22, 0x00, 0x00, 0x00,
  0x73, 0x65, 0x71, 0x75, 0x65, 0x6e, 0x74, 0x69, 0x61, 0x6c, 0x2f, 0x6d,
  0x61, 0x78, 0x5f, 0x70, 0x6f, 0x6f, 0x6c, 0x69, 0x6e, 0x67, 0x32, 0x64,
  0x5f, 0x31, 0x2f, 0x4d, 0x61, 0x78, 0x50, 0x6f, 0x6f, 0x6c, 0x00, 0x00,
  0xdc, 0xa3, 0xff, 0xff, 0xe6, 0xfc, 0xff, 0xff, 0x00, 0x00, 0x00, 0x01,
  0x01, 0x00, 0x00, 0x00, 0x24, 0x00, 0x00, 0x00, 0x18, 0x00, 0x00, 0x00,
  0x04, 0x00, 0x00, 0x00, 0xd8, 0xfc, 0xff, 0xff, 0x01, 0x00, 0x00, 0x00,
  0x01, 0x00, 0x00, 0x00, 0x00, 0x00, 0x01, 0x01, 0x01, 0x00, 0x00, 0x00,
  0x16, 0x00, 0x00, 0x00, 0x03, 0x00, 0x00, 0x00, 0x15, 0x00, 0x00, 0x00,
  0x0e, 0x00, 0x00, 0x00, 0x05, 0x00, 0x00, 0x00, 0x84, 0xa4, 0xff, 0xff,
  0x14, 0x00, 0x00, 0x00, 0x17, 0x00, 0x00, 0x00, 0x34, 0x00, 0x00, 0x00,
  0x24, 0x01, 0x00, 0x00, 0x18, 0x00, 0x00, 0x00, 0x04, 0x00, 0x00, 0x00,
  0x01, 0x00, 0x00, 0x00, 0x39, 0x00, 0x00, 0x00, 0x01, 0x00, 0x00, 0x00,
  0x20, 0x00, 0x00, 0x00, 0x04, 0x00, 0x00, 0x00, 0xff, 0xff, 0xff, 0xff,
  0x39, 0x00, 0x00, 0x00, 0x01, 0x00, 0x00, 0x00, 0x20, 0x00, 0x00, 0x00,
  0xee, 0x00, 0x00, 0x00, 0x73, 0x65, 0x71, 0x75, 0x65, 0x6e, 0x74, 0x69,
  0x61, 0x6c, 0x2f, 0x73, 0x65, 0x70, 0x61, 0x72, 0x61, 0x62, 0x6c, 0x65,
  0x5f, 0x63, 0x6f, 0x6e, 0x76, 0x32, 0x64, 0x5f, 0x31, 0x2f, 0x52, 0x65,
  0x6c, 0x75, 0x3b, 0x73, 0x65, 0x71, 0x75, 0x65, 0x6e, 0x74, 0x69, 0x61,
  0x6c, 0x2f, 0x73, 0x65, 0x70, 0x61, 0x72, 0x61, 0x62, 0x6c, 0x65, 0x5f,
  0x63, 0x6f, 0x6e, 0x76, 0x32, 0x64, 0x5f, 0x31, 0x2f, 0x42, 0x69, 0x61,
  0x73, 0x41, 0x64, 0x64, 0x3b, 0x73, 0x65, 0x71, 0x75, 0x65, 0x6e, 0x74,
  0x69, 0x61, 0x6c, 0x2f, 0x73, 0x65, 0x70, 0x61, 0x72, 0x61, 0x62, 0x6c,
  0x65, 0x5f, 0x63, 0x6f, 0x6e, 0x76, 0x32, 0x64, 0x5f, 0x32, 0x2f, 0x73,
  0x65, 0x70, 0x61, 0x72, 0x61, 0x62, 0x6c, 0x65, 0x5f, 0x63, 0x6f, 0x6e,
  0x76, 0x32, 0x64, 0x2f, 0x64, 0x65, 0x70, 0x74, 0x68, 0x77, 0x69, 0x73,
  0x65, 0x3b, 0x73, 0x65, 0x71, 0x75, 0x65, 0x6e, 0x74, 0x69, 0x61, 0x6c,
  0x2f, 0x73, 0x65, 0x70, 0x61, 0x72, 0x61, 0x62, 0x6c, 0x65, 0x5f, 0x63,
  0x6f, 0x6e, 0x76, 0x32, 0x64, 0x5f, 0x31, 0x2f, 0x73, 0x65, 0x70, 0x61,
  0x72, 0x61, 0x62, 0x6c, 0x65, 0x5f, 0x63, 0x6f, 0x6e, 0x76, 0x32, 0x64,
  0x3b, 0x73, 0x65, 0x71, 0x75, 0x65, 0x6e, 0x74, 0x69, 0x61, 0x6c, 0x2f,
  0x73, 0x65, 0x70, 0x61, 0x72, 0x61, 0x62, 0x6c, 0x65, 0x5f, 0x63, 0x6f,
  0x6e, 0x76, 0x32, 0x64, 0x5f, 0x31, 0x2f, 0x42, 0x69, 0x61, 0x73, 0x41,
  0x64, 0x64, 0x2f, 0x52, 0x65, 0x61, 0x64, 0x56, 0x61, 0x72, 0x69, 0x61,
  0x62, 0x6c, 0x65, 0x4f, 0x70, 0x2f, 0x72, 0x65, 0x73, 0x6f, 0x75, 0x72,
  0x63, 0x65, 0x00, 0x00, 0x54, 0xa5, 0xff, 0xff, 0xc2, 0xfc, 0xff, 0xff,
  0x00, 0x00, 0x00, 0x02, 0x28, 0x00, 0x00, 0x00, 0x1c, 0x00, 0x00, 0x00,
  0x04, 0x00, 0x00, 0x00, 0xb4, 0xfc, 0xff, 0xff, 0x01, 0x00, 0x00, 0x00,
  0x01, 0x00, 0x00, 0x00, 0x01, 0x00, 0x00, 0x00, 0x00, 0x00, 0x00, 0x01,
  0x01, 0x00, 0x00, 0x00, 0x15, 0x00, 0x00, 0x00, 0x03, 0x00, 0x00, 0x00,
  0x14, 0x00, 0x00, 0x00, 0x0d, 0x00, 0x00, 0x00, 0x0c, 0x00, 0x00, 0x00,
  0xfc, 0xa5, 0xff, 0xff, 0x14, 0x00, 0x00, 0x00, 0x16, 0x00, 0x00, 0x00,
  0x34, 0x00, 0x00, 0x00, 0x70, 0x00, 0x00, 0x00, 0x18, 0x00, 0x00, 0x00,
  0x04, 0x00, 0x00, 0x00, 0x01, 0x00, 0x00, 0x00, 0x39, 0x00, 0x00, 0x00,
  0x01, 0x00, 0x00, 0x00, 0x10, 0x00, 0x00, 0x00, 0x04, 0x00, 0x00, 0x00,
  0xff, 0xff, 0xff, 0xff, 0x39, 0x00, 0x00, 0x00, 0x01, 0x00, 0x00, 0x00,
  0x10, 0x00, 0x00, 0x00, 0x39, 0x00, 0x00, 0x00, 0x73, 0x65, 0x71, 0x75,
  0x65, 0x6e, 0x74, 0x69, 0x61, 0x6c, 0x2f, 0x73, 0x65, 0x70, 0x61, 0x72,
  0x61, 0x62, 0x6c, 0x65, 0x5f, 0x63, 0x6f, 0x6e, 0x76, 0x32, 0x64, 0x5f,
  0x31, 0x2f, 0x73, 0x65, 0x70, 0x61, 0x72, 0x61, 0x62, 0x6c, 0x65, 0x5f,
  0x63, 0x6f, 0x6e, 0x76, 0x32, 0x64, 0x2f, 0x64, 0x65, 0x70, 0x74, 0x68,
  0x77, 0x69, 0x73, 0x65, 0x32, 0x00, 0x00, 0x00, 0x80, 0xa7, 0xff, 0xff,
  0x00, 0x00, 0x0e, 0x00, 0x1a, 0x00, 0x08, 0x00, 0x0c, 0x00, 0x10, 0x00,
  0x07, 0x00, 0x14, 0x00, 0x0e, 0x00, 0x00, 0x00, 0x00, 0x00, 0x00, 0x05,
  0x02, 0x00, 0x00, 0x00, 0x3c, 0x00, 0x00, 0x00, 0x30, 0x00, 0x00, 0x00,
  0x14, 0x00, 0x00, 0x00, 0x00, 0x00, 0x0e, 0x00, 0x18, 0x00, 0x17, 0x00,
  0x10, 0x00, 0x0c, 0x00, 0x08, 0x00, 0x04, 0x00, 0x0e, 0x00, 0x00, 0x00,
  0x02, 0x00, 0x00, 0x00, 0x01, 0x00, 0x00, 0x00, 0x02, 0x00, 0x00, 0x00,
  0x01, 0x00, 0x00, 0x00, 0x00, 0x00, 0x00, 0x01, 0x01, 0x00, 0x00, 0x00,
  0x14, 0x00, 0x00, 0x00, 0x01, 0x00, 0x00, 0x00, 0x13, 0x00, 0x00, 0x00,
  0x8c, 0xfd, 0xff, 0xff, 0x11, 0x00, 0x00, 0x00, 0x00, 0x00, 0x00, 0x11,
  0x01, 0x00, 0x00, 0x00, 0xf0, 0xa6, 0xff, 0xff, 0x14, 0x00, 0x00, 0x00,
  0x15, 0x00, 0x00, 0x00, 0x34, 0x00, 0x00, 0x00, 0x58, 0x00, 0x00, 0x00,
  0x18, 0x00, 0x00, 0x00, 0x04, 0x00, 0x00, 0x00, 0x01, 0x00, 0x00, 0x00,
  0x3b, 0x00, 0x00, 0x00, 0x01, 0x00, 0x00, 0x00, 0x10, 0x00, 0x00, 0x00,
  0x04, 0x00, 0x00, 0x00, 0xff, 0xff, 0xff, 0xff, 0x3b, 0x00, 0x00, 0x00,
  0x01, 0x00, 0x00, 0x00, 0x10, 0x00, 0x00, 0x00, 0x20, 0x00, 0x00, 0x00,
  0x73, 0x65, 0x71, 0x75, 0x65, 0x6e, 0x74, 0x69, 0x61, 0x6c, 0x2f, 0x6d,
  0x61, 0x78, 0x5f, 0x70, 0x6f, 0x6f, 0x6c, 0x69, 0x6e, 0x67, 0x32, 0x64,
  0x2f, 0x4d, 0x61, 0x78, 0x50, 0x6f, 0x6f, 0x6c, 0x00, 0x00, 0x00, 0x00,
  0x5c, 0xa8, 0xff, 0xff, 0x00, 0x00, 0x0e, 0x00, 0x18, 0x00, 0x08, 0x00,
  0x0c, 0x00, 0x10, 0x00, 0x07, 0x00, 0x14, 0x00, 0x0e, 0x00, 0x00, 0x00,
  0x00, 0x00, 0x00, 0x01, 0x01, 0x00, 0x00, 0x00, 0x30, 0x00, 0x00, 0x00,
  0x24, 0x00, 0x00, 0x00, 0x10, 0x00, 0x00, 0x00, 0x0c, 0x00, 0x10, 0x00,
  0x0e, 0x00, 0x04, 0x00, 0x08, 0x00, 0x0f, 0x00, 0x0c, 0x00, 0x00, 0x00,
  0x01, 0x00, 0x00, 0x00, 0x01, 0x00, 0x00, 0x00, 0x00, 0x00, 0x01, 0x01,
  0x01, 0x00, 0x00, 0x00, 0x13, 0x00, 0x00, 0x00, 0x03, 0x00, 0x00, 0x00,
  0x12, 0x00, 0x00, 0x00, 0x0b, 0x00, 0x00, 0x00, 0x04, 0x00, 0x00, 0x00,
  0x64, 0xfe, 0xff, 0xff, 0x03, 0x00, 0x00, 0x00, 0x00, 0x00, 0x00, 0x03,
  0x01, 0x00, 0x00, 0x00, 0xc8, 0xa7, 0xff, 0xff, 0x14, 0x00, 0x00, 0x00,
  0x14, 0x00, 0x00, 0x00, 0x34, 0x00, 0x00, 0x00, 0x1c, 0x01, 0x00, 0x00,
  0x18, 0x00, 0x00, 0x00, 0x04, 0x00, 0x00, 0x00, 0x01, 0x00, 0x00, 0x00,
  0x76, 0x00, 0x00, 0x00, 0x01, 0x00, 0x00, 0x00, 0x10, 0x00, 0x00, 0x00,
  0x04, 0x00, 0x00, 0x00, 0xff, 0xff, 0xff, 0xff, 0x76, 0x00, 0x00, 0x00,
  0x01, 0x00, 0x00, 0x00, 0x10, 0x00, 0x00, 0x00, 0xe6, 0x00, 0x00, 0x00,
  0x73, 0x65, 0x71, 0x75, 0x65, 0x6e, 0x74, 0x69, 0x61, 0x6c, 0x2f, 0x73,
  0x65, 0x70, 0x61, 0x72, 0x61, 0x62, 0x6c, 0x65, 0x5f, 0x63, 0x6f, 0x6e,
  0x76, 0x32, 0x64, 0x2f, 0x52, 0x65, 0x6c, 0x75, 0x3b, 0x73, 0x65, 0x71,
  0x75, 0x65, 0x6e, 0x74, 0x69, 0x61, 0x6c, 0x2f, 0x73, 0x65, 0x70, 0x61,
  0x72, 0x61, 0x62, 0x6c, 0x65, 0x5f, 0x63, 0x6f, 0x6e, 0x76, 0x32, 0x64,
  0x2f, 0x42, 0x69, 0x61, 0x73, 0x41, 0x64, 0x64, 0x3b, 0x73, 0x65, 0x71,
  0x75, 0x65, 0x6e, 0x74, 0x69, 0x61, 0x6c, 0x2f, 0x73, 0x65, 0x70, 0x61,
  0x72, 0x61, 0x62, 0x6c, 0x65, 0x5f, 0x63, 0x6f, 0x6e, 0x76, 0x32, 0x64,
  0x5f, 0x31, 0x2f, 0x73, 0x65, 0x70, 0x61, 0x72, 0x61, 0x62, 0x6c, 0x65,
  0x5f, 0x63, 0x6f, 0x6e, 0x76, 0x32, 0x64, 0x2f, 0x64, 0x65, 0x70, 0x74,
  0x68, 0x77, 0x69, 0x73, 0x65, 0x3b, 0x73, 0x65, 0x71, 0x75, 0x65, 0x6e,
  0x74, 0x69, 0x61, 0x6c, 0x2f, 0x73, 0x65, 0x70, 0x61, 0x72, 0x61, 0x62,
  0x6c, 0x65, 0x5f, 0x63, 0x6f, 0x6e, 0x76, 0x32, 0x64, 0x2f, 0x73, 0x65,
  0x70, 0x61, 0x72, 0x61, 0x62, 0x6c, 0x65, 0x5f, 0x63, 0x6f, 0x6e, 0x76,
  0x32, 0x64, 0x3b, 0x73, 0x65, 0x71, 0x75, 0x65, 0x6e, 0x74, 0x69, 0x61,
  0x6c, 0x2f, 0x73, 0x65, 0x70, 0x61, 0x72, 0x61, 0x62, 0x6c, 0x65, 0x5f,
  0x63, 0x6f, 0x6e, 0x76, 0x32, 0x64, 0x2f, 0x42, 0x69, 0x61, 0x73, 0x41,
  0x64, 0x64, 0x2f, 0x52, 0x65, 0x61, 0x64, 0x56, 0x61, 0x72, 0x69, 0x61,
  0x62, 0x6c, 0x65, 0x4f, 0x70, 0x2f, 0x72, 0x65, 0x73, 0x6f, 0x75, 0x72,
  0x63, 0x65, 0x00, 0x00, 0xf8, 0xa9, 0xff, 0xff, 0x00, 0x00, 0x0e, 0x00,
  0x14, 0x00, 0x00, 0x00, 0x08, 0x00, 0x0c, 0x00, 0x07, 0x00, 0x10, 0x00,
  0x0e, 0x00, 0x00, 0x00, 0x00, 0x00, 0x00, 0x02, 0x34, 0x00, 0x00, 0x00,
  0x28, 0x00, 0x00, 0x00, 0x10, 0x00, 0x00, 0x00, 0x0c, 0x00, 0x14, 0x00,
  0x13, 0x00, 0x08, 0x00, 0x0c, 0x00, 0x04, 0x00, 0x0c, 0x00, 0x00, 0x00,
  0x01, 0x00, 0x00, 0x00, 0x01, 0x00, 0x00, 0x00, 0x01, 0x00, 0x00, 0x00,
  0x00, 0x00, 0x00, 0x01, 0x01, 0x00, 0x00, 0x00, 0x12, 0x00, 0x00, 0x00,
  0x03, 0x00, 0x00, 0x00, 0x00, 0x00, 0x00, 0x00, 0x0a, 0x00, 0x00, 0x00,
  0x09, 0x00, 0x00, 0x00, 0x0c, 0x00, 0x10, 0x00, 0x0b, 0x00, 0x00, 0x00,
  0x0c, 0x00, 0x04, 0x00, 0x0c, 0x00, 0x00, 0x00, 0x04, 0x00, 0x00, 0x00,
  0x00, 0x00, 0x00, 0x04, 0x01, 0x00, 0x00, 0x00, 0x70, 0xa9, 0xff, 0xff,
  0x14, 0x00, 0x00, 0x00, 0x13, 0x00, 0x00, 0x00, 0x34, 0x00, 0x00, 0x00,
  0x6c, 0x00, 0x00, 0x00, 0x18, 0x00, 0x00, 0x00, 0x04, 0x00, 0x00, 0x00,
  0x01, 0x00, 0x00, 0x00, 0x76, 0x00, 0x00, 0x00, 0x01, 0x00, 0x00, 0x00,
  0x01, 0x00, 0x00, 0x00, 0x04, 0x00, 0x00, 0x00, 0xff, 0xff, 0xff, 0xff,
  0x76, 0x00, 0x00, 0x00, 0x01, 0x00, 0x00, 0x00, 0x01, 0x00, 0x00, 0x00,
  0x37, 0x00, 0x00, 0x00, 0x73, 0x65, 0x71, 0x75, 0x65, 0x6e, 0x74, 0x69,
  0x61, 0x6c, 0x2f, 0x73, 0x65, 0x70, 0x61, 0x72, 0x61, 0x62, 0x6c, 0x65,
  0x5f, 0x63, 0x6f, 0x6e, 0x76, 0x32, 0x64, 0x2f, 0x73, 0x65, 0x70, 0x61,
  0x72, 0x61, 0x62, 0x6c, 0x65, 0x5f, 0x63, 0x6f, 0x6e, 0x76, 0x32, 0x64,
  0x2f, 0x64, 0x65, 0x70, 0x74, 0x68, 0x77, 0x69, 0x73, 0x65, 0x32, 0x00,
  0x88, 0xa9, 0xff, 0xff, 0xea, 0xaa, 0xff, 0xff, 0x04, 0x00, 0x00, 0x00,
  0x00, 0x20, 0x00, 0x00, 0xd9, 0xef, 0x8c, 0x3e, 0xc7, 0x32, 0x9a, 0xbe,
  0xfd, 0xc2, 0x91, 0xbe, 0x40, 0xec, 0xed, 0xbe, 0xf7, 0xc5, 0xd2, 0x3c,
  0x6a, 0xae, 0x2b, 0xbe, 0x48, 0x71, 0xc7, 0x3d, 0x57, 0xe6, 0xb0, 0xbe,
  0x97, 0xbf, 0xc1, 0x3e, 0x0e, 0x02, 0x40, 0xbe, 0xb7, 0x10, 0xce, 0x3d,
  0x32, 0xe0, 0xdc, 0x3e, 0x60, 0xbd, 0xcb, 0x3c, 0x4f, 0x9e, 0xb0, 0x3e,
  0xd0, 0x3d, 0xb6, 0xbd, 0xc0, 0x4f, 0xa0, 0x3e, 0xf8, 0x3d, 0x7f, 0xbe,
  0xa3, 0xec, 0x24, 0xbe, 0x1b, 0xcb, 0xcb, 0x3e, 0xdc, 0xfc, 0x2c, 0x3e,
  0x34, 0xad, 0x5a, 0x3e, 0x9f, 0xa1, 0xdf, 0x3d, 0x8a, 0xae, 0xcc, 0xbd,
  0xbc, 0x6d, 0x7d, 0xbd, 0x6e, 0xc2, 0x08, 0xbe, 0x98, 0x03, 0x81, 0x3e,
  0x99, 0xed, 0x1f, 0xbe, 0x55, 0xb7, 0x4b, 0xbe, 0xf9, 0xee, 0x63, 0xbd,
  0x76, 0xb1, 0xf4, 0xbe, 0x1c, 0x12, 0xbf, 0xbe, 0x2c, 0x27, 0x06, 0x3e,
  0x04, 0xcb, 0xcf, 0x3d, 0xf7, 0x4a, 0x4f, 0xbe, 0xb3, 0x58, 0x41, 0xbe,
  0x0c, 0xb8, 0x61, 0xbe, 0x0d, 0x1f, 0x4c, 0x3d, 0xaf, 0xac, 0x5a, 0x3e,
  0xc7, 0x29, 0x19, 0xbe, 0x72, 0x77, 0x32, 0x3d, 0xa7, 0x45, 0x37, 0x3e,
  0x24, 0xcb, 0xbc, 0xbe, 0x17, 0x2e, 0x68, 0x3e, 0xbf, 0x4d, 0xc0, 0x3e,
  0x9e, 0xfd, 0xd3, 0xbd, 0xc5, 0x67, 0x76, 0x3e, 0x05, 0x7b, 0x76, 0x3e,
  0x27, 0x63, 0x22, 0x3f, 0x3a, 0xdd, 0x00, 0x3e, 0xff, 0xa7, 0x5f, 0x3e,
  0x64, 0xed, 0x8f, 0x3e, 0xeb, 0x5d, 0x3b, 0xbe, 0xf3, 0x6f, 0x15, 0x3e,
  0xa0, 0xa5, 0xb7, 0x3b, 0xc3, 0x66, 0x31, 0x3e, 0xe3, 0x7c, 0xa8, 0xbc,
  0x8b, 0xb3, 0xba, 0x3d, 0xb1, 0x76, 0x0c, 0x3e, 0x08, 0x71, 0x2c, 0xbe,
  0x5c, 0x8e, 0x84, 0xbc, 0xd8, 0x3f, 0x8a, 0x3e, 0x0c, 0x9c, 0x19, 0xbf,
  0x86, 0xbd, 0xc6, 0xbe, 0x09, 0x7a, 0xbc, 0x3e, 0x0c, 0x76, 0x72, 0xbd,
  0x9b, 0xad, 0x37, 0xbe, 0x3c, 0xae, 0x80, 0xbc, 0x59, 0xf1, 0x21, 0x3e,
  0x83, 0xc4, 0x10, 0x3d, 0x4c, 0xc2, 0x49, 0xbd, 0x1e, 0x2d, 0x20, 0xbe,
  0xd0, 0x1c, 0x0a, 0xbf, 0x8d, 0x0e, 0x37, 0x3e, 0x89, 0x57, 0xaf, 0xbd,
  0x42, 0x95, 0x25, 0xbd, 0x98, 0x4a, 0xd1, 0x3e, 0xb6, 0x65, 0x5e, 0xbe,
  0xa5, 0x37, 0x8c, 0xbe, 0x62, 0xd0, 0x30, 0x3e, 0x43, 0x8f, 0x0d, 0x3f,
  0xec, 0x1d, 0x32, 0xbd, 0xf0, 0x2d, 0xa9, 0xbe, 0x04, 0xea, 0xea, 0x3e,
  0x24, 0x4e, 0x5a, 0xbe, 0x3a, 0x31, 0x74, 0xbe, 0x86, 0x6a, 0xa6, 0x3e,
  0x85, 0xcb, 0x5f, 0xbe, 0xd2, 0xb0, 0x74, 0xbe, 0x1b, 0x5d, 0x46, 0xbe,
  0xf0, 0xea, 0x13, 0x3e, 0x04, 0x41, 0x7f, 0xbe, 0xd1, 0xce, 0x90, 0xbe,
  0x64, 0xf0, 0x48, 0x3d, 0xd2, 0x25, 0x2c, 0xbf, 0x08, 0x6c, 0xa2, 0xbe,
  0xc2, 0xa0, 0x58, 0x3d, 0x61, 0x4b, 0x7f, 0x3d, 0x9f, 0x86, 0x5d, 0xbd,
  0xd6, 0x11, 0x02, 0x3d, 0x70, 0xfd, 0x03, 0x3e, 0x6a, 0xfc, 0xdf, 0xbc,
  0x16, 0x7a, 0x29, 0x3e, 0x1d, 0x7c, 0x5a, 0x3e, 0x65, 0xc2, 0x3f, 0xbe,
  0xbb, 0x71, 0x6c, 0xbe, 0x67, 0xef, 0x5e, 0x3e, 0x9b, 0x15, 0x2d, 0xbd,
  0x65, 0xa5, 0x01, 0x3e, 0xd4, 0x9b, 0xa0, 0x3a, 0x6b, 0xf8, 0x3a, 0x3e,
  0xd9, 0xbe, 0x46, 0xbe, 0xab, 0x93, 0xc0, 0xbd, 0x30, 0x24, 0x7a, 0xbd,
  0xa8, 0x04, 0x23, 0xbd, 0x33, 0xa2, 0x0e, 0xbe, 0x64, 0xe6, 0x30, 0x3e,
  0xb9, 0x04, 0x4e, 0x3e, 0x0d, 0x01, 0x10, 0x3e, 0x9d, 0x31, 0xc0, 0x3d,
  0x60, 0x6b, 0x14, 0xbd, 0x27, 0x4f, 0x71, 0x3e, 0xc4, 0x2b, 0x42, 0xbe,
  0x6c, 0x0f, 0x79, 0xbe, 0x9b, 0xfd, 0x81, 0xbe, 0x56, 0x31, 0x82, 0xbe,
  0x8f, 0x29, 0xf3, 0xbd, 0x5e, 0xf1, 0xbf, 0xbd, 0x26, 0x95, 0xe2, 0xbc,
  0x4a, 0x62, 0x89, 0xbe, 0x7a, 0x1e, 0x67, 0xbe, 0x7e, 0x11, 0xa5, 0xbe,
  0x71, 0x85, 0x6f, 0x3e, 0x95, 0xda, 0x1f, 0xbd, 0x1f, 0x3e, 0xc6, 0xbe,
  0xed, 0xa2, 0x16, 0x3e, 0x17, 0xfe, 0x44, 0xbe, 0x8a, 0x8a, 0x77, 0xbd,
  0x51, 0xef, 0x99, 0x3e, 0x9b, 0xdf, 0x98, 0x3e, 0x00, 0x2a, 0x49, 0x3d,
  0xf3, 0x90, 0x28, 0x3c, 0x3f, 0x11, 0x8b, 0xbd, 0x1c, 0xc0, 0x4e, 0x3b,
  0x78, 0xc6, 0x09, 0xbf, 0x5e, 0x62, 0x1e, 0x3e, 0xcb, 0x65, 0xd7, 0xbe,
  0xe0, 0xe6, 0xf1, 0x3d, 0x20, 0xc3, 0x92, 0xbd, 0xcc, 0x35, 0x61, 0xbe,
  0x8b, 0x84, 0x60, 0x3e, 0x4f, 0x5c, 0xef, 0x3e, 0x6b, 0x6c, 0xb6, 0xbc,
  0xfd, 0x1f, 0xac, 0xbe, 0x97, 0x8b, 0x73, 0xbe, 0xfa, 0x66, 0xca, 0xbe,
  0xcc, 0x04, 0x2f, 0xbe, 0xe1, 0x23, 0xbd, 0xbd, 0xf8, 0x40, 0x46, 0x3e,
  0xbb, 0xbc, 0x0f, 0xbe, 0x97, 0x9b, 0xed, 0xbe, 0x59, 0x18, 0xca, 0xbe,
  0x50, 0x19, 0x23, 0xbe, 0x71, 0x15, 0xb5, 0x3d, 0xd4, 0x35, 0x6c, 0xbe,
  0x9a, 0x13, 0x07, 0x3e, 0x00, 0x34, 0x56, 0xbe, 0xfb, 0x2d, 0x48, 0x3e,
  0x49, 0x97, 0xb4, 0x3e, 0xcd, 0x93, 0x33, 0xbe, 0x4e, 0x03, 0xb9, 0x3e,
  0x5c, 0x88, 0x80, 0x3e, 0xd6, 0x33, 0xa3, 0xbd, 0xef, 0xb7, 0x8f, 0x3e,
  0x07, 0x08, 0x7e, 0xbe, 0x8c, 0x2c, 0x46, 0x3e, 0x3f, 0xe2, 0x61, 0xbe,
  0xfa, 0x80, 0x40, 0xbe, 0x13, 0x76, 0x3d, 0xbe, 0x5b, 0xe7, 0x0c, 0xbd,
  0x7b, 0x41, 0x05, 0xbe, 0x66, 0x32, 0x92, 0xbe, 0x37, 0x70, 0x3f, 0x3b,
  0xfe, 0xe4, 0xe1, 0x3e, 0x77, 0x37, 0xbf, 0x3d, 0xef, 0x08, 0xc0, 0xbe,
  0xc5, 0x0d, 0x2e, 0x3d, 0x2f, 0x65, 0x8f, 0xbd, 0x29, 0x6a, 0xbe, 0xbe,
  0x24, 0x06, 0x99, 0x3e, 0x13, 0xa9, 0xe7, 0x3e, 0xfd, 0x2c, 0x56, 0x3e,
  0x09, 0xc2, 0xcc, 0xbe, 0x6f, 0x8c, 0x02, 0x3f, 0xbf, 0x10, 0xf2, 0xbd,
  0x6e, 0x08, 0x66, 0xbe, 0xf8, 0xaa, 0xe7, 0x3e, 0xf8, 0xa3, 0x3f, 0x3e,
  0x46, 0x47, 0x1e, 0x3c, 0x2f, 0x21, 0x63, 0x3c, 0xdd, 0x4e, 0xdf, 0xbd,
  0xaf, 0xf0, 0xee, 0x3d, 0x4f, 0x2b, 0x8f, 0xbe, 0x3e, 0xac, 0xa0, 0xbe,
  0x22, 0x6f, 0x82, 0x3d, 0xfc, 0x95, 0x5c, 0x3e, 0xcd, 0xe4, 0x05, 0xbe,
  0xe2, 0xb1, 0x60, 0xbd, 0x29, 0x85, 0x1d, 0x3f, 0xcd, 0xa7, 0x41, 0x3d,
  0xca, 0x47, 0xae, 0xbe, 0x49, 0xc6, 0x92, 0x3d, 0xda, 0xa8, 0x7f, 0x3c,
  0xa5, 0x9c, 0xa5, 0xbd, 0x49, 0x9f, 0x63, 0x3e, 0x11, 0xc8, 0x28, 0xbe,
  0x27, 0xb2, 0x88, 0xbe, 0xb4, 0x01, 0xbe, 0xbe, 0xb6, 0xc1, 0xed, 0xbd,
  0x95, 0x01, 0xd2, 0xbe, 0xc4, 0x91, 0x27, 0x3e, 0x94, 0x62, 0x0d, 0xbe,
  0xd3, 0xc7, 0x7a, 0xbe, 0x85, 0x53, 0x0b, 0xbf, 0xc8, 0xa9, 0x83, 0xbe,
  0x2b, 0x5f, 0x58, 0xbe, 0x95, 0x9d, 0x91, 0xbe, 0x8d, 0x97, 0x89, 0x3e,
  0x88, 0xc3, 0x3e, 0xbe, 0xb1, 0x07, 0x81, 0x3c, 0xaf, 0x9f, 0x9c, 0xbe,
  0x26, 0x36, 0xaa, 0x3b, 0x51, 0x16, 0x20, 0xbe, 0xab, 0x48, 0xa9, 0xbe,
  0xb1, 0xbf, 0xab, 0x3e, 0x52, 0xe1, 0x95, 0x3e, 0x56, 0x3e, 0x74, 0xbe,
  0xf7, 0x47, 0x9a, 0x3d, 0x1a, 0x63, 0x17, 0xbe, 0x35, 0xcd, 0x96, 0x3d,
  0x1f, 0x02, 0x76, 0xbe, 0xbe, 0x71, 0x41, 0x3e, 0x70, 0xba, 0xdf, 0x3a,
  0xd0, 0x3c, 0x81, 0xbe, 0x9f, 0x56, 0x42, 0xbe, 0x1d, 0x83, 0x73, 0xbe,
  0xb3, 0x0f, 0x5f, 0xbe, 0x9f, 0x4e, 0xb6, 0x3e, 0xe8, 0x2c, 0x8f, 0x3d,
  0x80, 0x0b, 0x93, 0xbe, 0x0c, 0xf5, 0x20, 0xbd, 0x8b, 0xe9, 0x8b, 0x3c,
  0x19, 0xb2, 0x94, 0xbe, 0x64, 0x6e, 0x0f, 0x3e, 0xb5, 0x4f, 0xb8, 0x3e,
  0x4a, 0x7e, 0x0b, 0xbd, 0x1a, 0x22, 0xed, 0xbe, 0xe1, 0x78, 0xe8, 0xbd,
  0xe7, 0x3b, 0xc6, 0xbe, 0x4f, 0x13, 0xca, 0x3c, 0xcb, 0x5c, 0x25, 0xbd,
  0x35, 0x74, 0xae, 0x3e, 0x71, 0x32, 0x4d, 0xbe, 0xf9, 0xc0, 0x42, 0x3e,
  0xc6, 0x12, 0xef, 0xbd, 0xa2, 0xad, 0x79, 0xbe, 0xa1, 0xf0, 0x3c, 0x3e,
  0xb8, 0x7f, 0xca, 0x3e, 0xe4, 0x7a, 0x9b, 0xbe, 0xeb, 0xe2, 0x96, 0x3e,
  0x82, 0x8d, 0x6e, 0xbe, 0xac, 0xbf, 0x6a, 0x3c, 0xe0, 0x54, 0x21, 0xbe,
  0xd7, 0x16, 0x9f, 0xbd, 0x13, 0xea, 0x4c, 0xbe, 0x91, 0x83, 0x75, 0xbe,
  0xc6, 0x91, 0x0d, 0x3e, 0xdd, 0x91, 0x3c, 0x3d, 0xd4, 0x18, 0x43, 0xbe,
  0xf5, 0xa8, 0xc9, 0x3e, 0x20, 0xfd, 0xa2, 0x3e, 0xb6, 0xa0, 0xb3, 0xbe,
  0xe5, 0x2c, 0x2e, 0xbe, 0xda, 0xe1, 0xc9, 0x3d, 0x4e, 0x70, 0xb1, 0xbd,
  0x6f, 0x4a, 0x1b, 0x3d, 0xd5, 0x9b, 0xf8, 0x3d, 0x6a, 0x28, 0x14, 0x3e,
  0x75, 0xde, 0xba, 0xbe, 0x20, 0xe2, 0xdd, 0x3e, 0x33, 0xf5, 0x89, 0xbd,
  0x58, 0x26, 0x63, 0xbe, 0xfa, 0x7d, 0xe0, 0x3e, 0xe5, 0x06, 0xa3, 0xbd,
  0x7d, 0x38, 0x18, 0x3e, 0x23, 0x18, 0xb7, 0xbd, 0x9f, 0x62, 0xdf, 0x3c,
  0xa3, 0x42, 0x22, 0x3d, 0x34, 0x65, 0x9c, 0xbe, 0xd1, 0x38, 0x23, 0xbc,
  0x1a, 0x49, 0x3c, 0x3e, 0xf2, 0xe3, 0x4e, 0x3c, 0xe5, 0x69, 0xa1, 0xbe,
  0xad, 0x17, 0xb3, 0xbd, 0x26, 0x12, 0x07, 0x3e, 0xd7, 0x47, 0xc1, 0xbd,
  0xf3, 0x73, 0x8a, 0xbe, 0x89, 0x42, 0x01, 0xbd, 0x32, 0x6c, 0xc7, 0xbd,
  0xb3, 0xf7, 0x9a, 0xbd, 0x21, 0x68, 0xa1, 0xbd, 0x2f, 0x64, 0xca, 0xbd,
  0xc9, 0xdf, 0x2c, 0xbe, 0xfd, 0x0b, 0x00, 0xbe, 0x97, 0x12, 0x92, 0x3e,
  0xb8, 0x8e, 0x01, 0x3e, 0x21, 0xa9, 0xe3, 0x3c, 0xff, 0x0c, 0x97, 0x3e,
  0x3c, 0x42, 0x07, 0xbf, 0x91, 0x92, 0x8c, 0xbe, 0x9d, 0x14, 0x95, 0x3d,
  0xfb, 0x02, 0x29, 0x3e, 0xa3, 0xac, 0xe0, 0x3e, 0x76, 0xbb, 0x89, 0xbe,
  0xc8, 0x8d, 0xce, 0xbd, 0x38, 0x29, 0x19, 0x3e, 0xa2, 0xf6, 0xe4, 0x3d,
  0x0c, 0x3f, 0xa8, 0x3c, 0xbd, 0x2e, 0x1e, 0xbe, 0xc8, 0x79, 0xd7, 0x3c,
  0x75, 0x22, 0x6e, 0xbe, 0xd0, 0xdb, 0x16, 0x3d, 0x29, 0xf7, 0x8d, 0x3c,
  0x8c, 0x67, 0x8e, 0x3e, 0x3e, 0x58, 0x34, 0xbc, 0xeb, 0xf5, 0xa6, 0xbd,
  0xf0, 0x6f, 0xaf, 0xbd, 0x80, 0x0f, 0x7e, 0xbd, 0xa5, 0x45, 0xab, 0x3e,
  0x6b, 0x96, 0x91, 0x3d, 0x64, 0xd0, 0x2c, 0xbe, 0x71, 0x15, 0x32, 0x3e,
  0x1f, 0xb2, 0x91, 0xbc, 0x13, 0xd8, 0xd0, 0x3d, 0x19, 0x87, 0x47, 0xbe,
  0x30, 0x2a, 0x58, 0x3e, 0xa6, 0x38, 0x5d, 0xbd, 0xee, 0xdc, 0x87, 0x3d,
  0x36, 0xfc, 0xd7, 0x3e, 0x8c, 0x95, 0xcd, 0xbd, 0xe3, 0xd1, 0xec, 0xbe,
  0xa8, 0xb0, 0x67, 0x3d, 0xd8, 0xc2, 0x7f, 0x3e, 0x9b, 0x0d, 0xa3, 0x3e,
  0x8c, 0x0e, 0x86, 0xbd, 0x59, 0xe4, 0x68, 0xbe, 0x49, 0x1d, 0xf6, 0xbe,
  0x4a, 0x85, 0x20, 0xbd, 0x25, 0x5d, 0x04, 0xbd, 0x46, 0x71, 0x8c, 0xbe,
  0x68, 0x60, 0x51, 0xbe, 0xbd, 0xc5, 0x0d, 0x3e, 0xfe, 0xf0, 0x27, 0xbe,
  0x80, 0xdb, 0x85, 0x3e, 0xad, 0xef, 0xba, 0x3e, 0x09, 0x2c, 0x99, 0xbe,
  0x04, 0x76, 0x17, 0x3f, 0x0e, 0x6b, 0x69, 0x3e, 0xc5, 0x1e, 0xd3, 0x3e,
  0xb3, 0xe6, 0xa7, 0x3b, 0x8a, 0x1e, 0x5b, 0x3e, 0x66, 0x5f, 0x43, 0x3e,
  0x8a, 0xd8, 0xd0, 0x3d, 0x7f, 0xbf, 0x3a, 0x3e, 0x74, 0xd9, 0xaf, 0x3e,
  0xf4, 0x04, 0x8b, 0x3e, 0xa1, 0x3c, 0x9f, 0xbe, 0xfb, 0xd3, 0x8f, 0x3e,
  0xb3, 0x6d, 0x85, 0x3e, 0xfc, 0x1e, 0xe6, 0x3c, 0x83, 0x91, 0xc4, 0x3c,
  0xb8, 0x93, 0xad, 0x3e, 0x9d, 0x27, 0x05, 0xbf, 0xf0, 0xa0, 0xd8, 0xbe,
  0xc5, 0x54, 0x86, 0x3d, 0xf1, 0x6b, 0x96, 0x3e, 0xea, 0x94, 0xfb, 0xb9,
  0xaa, 0xa5, 0xdf, 0xbd, 0x61, 0x57, 0x47, 0xbe, 0x13, 0x6f, 0x67, 0xbe,
  0xe0, 0xe0, 0x8c, 0xbd, 0xf4, 0xd9, 0xe7, 0x3a, 0xc3, 0xa4, 0x2e, 0xbe,
  0x8e, 0xf7, 0xac, 0x3e, 0x8d, 0xfc, 0xcc, 0xbe, 0xa6, 0x9b, 0x07, 0xbd,
  0x96, 0x24, 0xcd, 0x3e, 0x6d, 0x6d, 0x8e, 0x3d, 0x7a, 0xad, 0x73, 0x3e,
  0x97, 0xa5, 0x77, 0x3e, 0x64, 0x0e, 0x07, 0x3f, 0xf2, 0x4a, 0xdb, 0x3d,
  0x69, 0xa3, 0x18, 0x3e, 0xad, 0xc3, 0xee, 0x3e, 0x3c, 0x84, 0x01, 0xbe,
  0xa1, 0xef, 0xae, 0x3d, 0xe3, 0x3e, 0xf2, 0xbc, 0x61, 0x21, 0x07, 0x3c,
  0x3b, 0xcb, 0x8a, 0xbe, 0x29, 0x15, 0x7d, 0xbe, 0x58, 0xf0, 0x88, 0xbc,
  0x27, 0x9f, 0x5f, 0x3e, 0xcd, 0x2f, 0x07, 0xbd, 0x9a, 0x64, 0x23, 0xbd,
  0xb6, 0xb1, 0xe9, 0xbe, 0x9b, 0x30, 0x7f, 0xbe, 0xf6, 0x80, 0x79, 0x3c,
  0xa9, 0x91, 0xa0, 0x3e, 0xd0, 0xb2, 0x52, 0xbe, 0xca, 0xcc, 0x33, 0xbe,
  0xfa, 0xbc, 0x70, 0xbe, 0xbf, 0x9a, 0x81, 0xbe, 0xe5, 0x11, 0x63, 0xbe,
  0x05, 0x6f, 0x5f, 0x3e, 0xe0, 0xb3, 0x5f, 0xbe, 0x9c, 0xfd, 0x4b, 0x3e,
  0xbb, 0x6a, 0xc8, 0xbe, 0x9d, 0xb3, 0x71, 0x3d, 0xc5, 0x21, 0xff, 0x3e,
  0x5f, 0xa5, 0x48, 0xbd, 0x40, 0x8c, 0xb5, 0x3e, 0x8b, 0xd2, 0x12, 0x3e,
  0xd8, 0xf7, 0x50, 0x3b, 0x11, 0xf1, 0xdc, 0xbd, 0x11, 0xae, 0xab, 0x3e,
  0x28, 0xfe, 0xcc, 0x3e, 0x30, 0xd3, 0xa6, 0x3d, 0x7c, 0x57, 0x89, 0x3e,
  0xc4, 0x61, 0xd4, 0xbd, 0x25, 0xfd, 0x88, 0xbd, 0x04, 0xcf, 0x0d, 0xbe,
  0xc7, 0x87, 0x9a, 0xbd, 0x78, 0x5c, 0x75, 0x3d, 0x88, 0xbb, 0x65, 0x3d,
  0x10, 0x07, 0x65, 0xbe, 0x7f, 0x83, 0x34, 0x3e, 0xf6, 0x98, 0x1d, 0xbf,
  0xca, 0x10, 0xa4, 0xbe, 0x15, 0xcb, 0x7b, 0x3e, 0x45, 0x16, 0x7b, 0xbe,
  0x16, 0xf0, 0x51, 0x3c, 0x55, 0xf6, 0x5f, 0xbd, 0xf0, 0x61, 0x61, 0x3d,
  0x96, 0xc2, 0xa5, 0xbd, 0x58, 0x60, 0xed, 0xbd, 0xf8, 0x84, 0x9f, 0x3d,
  0x04, 0x99, 0x1b, 0xbe, 0xd8, 0x2e, 0x77, 0xbe, 0xca, 0x59, 0x39, 0x3e,
  0x90, 0xf1, 0xec, 0xbd, 0x84, 0x8d, 0x5f, 0xbe, 0x5f, 0x1b, 0x80, 0xbe,
  0xa6, 0x76, 0xe1, 0xba, 0x8f, 0x3e, 0x25, 0xbd, 0x48, 0x1b, 0xf1, 0x3d,
  0x98, 0x88, 0x95, 0x3d, 0x64, 0x3f, 0xb8, 0xbd, 0x88, 0x3e, 0x5e, 0xbe,
  0xa8, 0x4b, 0x9b, 0xbd, 0x2c, 0xde, 0x4c, 0x3e, 0xa7, 0x18, 0x12, 0xbe,
  0x80, 0xeb, 0x3a, 0xbe, 0x6a, 0x93, 0x66, 0x3e, 0x5f, 0xbb, 0xa0, 0xbc,
  0x02, 0xcc, 0xc6, 0xbd, 0x37, 0x59, 0x14, 0x3d, 0x2f, 0x14, 0x8c, 0xbd,
  0x45, 0x36, 0x80, 0x3c, 0x17, 0x47, 0x5f, 0xbe, 0xcc, 0x2a, 0x18, 0xbd,
  0xb0, 0xf5, 0x46, 0xbd, 0x7f, 0xaf, 0x32, 0x3e, 0x89, 0xcb, 0x2b, 0x3e,
  0x1f, 0xb7, 0x5a, 0xbe, 0xb7, 0xbc, 0xdb, 0xbe, 0xec, 0xe0, 0x5f, 0xbe,
  0x89, 0xce, 0x72, 0x3e, 0x23, 0xa9, 0x25, 0xbe, 0x69, 0xfb, 0x95, 0xbe,
  0x57, 0x57, 0xb2, 0xbd, 0x89, 0x53, 0x69, 0xbd, 0x61, 0x35, 0x03, 0x3e,
  0xc8, 0x40, 0xc3, 0x3e, 0x66, 0x4d, 0xd8, 0x3d, 0x35, 0x39, 0xf5, 0x3e,
  0xee, 0x6a, 0x88, 0x3e, 0xd0, 0x0a, 0xfc, 0x3d, 0xcb, 0x64, 0x34, 0x3e,
  0xab, 0xab, 0x82, 0x3e, 0x14, 0x51, 0xaf, 0x3e, 0xfc, 0x39, 0x3f, 0xbd,
  0x9a, 0x01, 0x83, 0x3e, 0xf7, 0xaa, 0xb2, 0x3e, 0x04, 0x14, 0x8e, 0x3e,
  0x8f, 0x81, 0x92, 0xbe, 0x87, 0xbb, 0x23, 0xbe, 0x17, 0x00, 0x09, 0xbe,
  0xd7, 0x50, 0x07, 0x3e, 0x9f, 0xb5, 0xd4, 0x3d, 0x73, 0x02, 0xbd, 0xbd,
  0x12, 0x57, 0x25, 0xbe, 0xb8, 0xaf, 0xe9, 0xbe, 0xb4, 0xb8, 0x7b, 0x3e,
  0xb4, 0x04, 0x25, 0xbe, 0xd4, 0x9a, 0x4a, 0xbe, 0xc0, 0xf7, 0xaf, 0xbd,
  0xb0, 0x4c, 0xc2, 0xbd, 0x00, 0xd2, 0x44, 0xbb, 0xb0, 0xdd, 0x74, 0x3e,
  0xd0, 0x60, 0x72, 0xbe, 0x80, 0xcf, 0xef, 0xbd, 0x34, 0xe2, 0x08, 0xbe,
  0x48, 0x63, 0x63, 0xbe, 0x60, 0x3e, 0xc7, 0xbd, 0x60, 0x77, 0x00, 0xbe,
  0x20, 0x50, 0x34, 0x3d, 0xac, 0xe3, 0x39, 0x3e, 0x60, 0x07, 0xd4, 0x3c,
  0x88, 0x7d, 0xb9, 0x3d, 0x24, 0x39, 0x54, 0xbe, 0xa8, 0x55, 0x64, 0x3e,
  0xf0, 0x98, 0x73, 0xbd, 0xc8, 0x6d, 0xdd, 0x3d, 0xe8, 0x45, 0x24, 0x3e,
  0xc8, 0x36, 0x50, 0xbe, 0x80, 0x87, 0xbf, 0xbd, 0x70, 0xee, 0x05, 0xbd,
  0x28, 0xb4, 0x9f, 0xbd, 0xf0, 0xb9, 0xe4, 0x3d, 0x08, 0x7f, 0x24, 0xbe,
  0x00, 0x5d, 0x61, 0xbc, 0xe4, 0x11, 0x01, 0xbe, 0xa0, 0x0a, 0xc6, 0x3d,
  0xf0, 0x0d, 0x40, 0xbe, 0xd4, 0xbb, 0x02, 0x3e, 0x53, 0x18, 0x06, 0x3e,
  0xb5, 0x84, 0xce, 0x3d, 0xf9, 0x9e, 0xc2, 0xbd, 0x33, 0xb7, 0xa4, 0xbe,
  0x0a, 0x65, 0x84, 0xbe, 0xbc, 0xe3, 0x46, 0xbe, 0x1b, 0x1e, 0x67, 0x3e,
  0x86, 0x8a, 0x5d, 0xbe, 0xeb, 0x87, 0x9a, 0x3e, 0x0c, 0xd4, 0xbd, 0xbe,
  0xd2, 0x4e, 0x16, 0xbd, 0xc3, 0xbd, 0x5c, 0x3e, 0x90, 0xae, 0xee, 0x3d,
  0xdf, 0xfb, 0x81, 0x3e, 0x04, 0xe2, 0x16, 0x3e, 0xd5, 0xf8, 0x19, 0x3f,
  0xba, 0x3e, 0xe3, 0x3c, 0x15, 0xc2, 0xaf, 0x3d, 0x3e, 0xda, 0xa9, 0x3e,
  0x2a, 0xb7, 0x9a, 0xbd, 0x4f, 0x31, 0xec, 0x3d, 0xa3, 0x46, 0x6c, 0x3e,
  0xe1, 0x14, 0x6c, 0x3e, 0xcd, 0x1b, 0xd5, 0xbd, 0x99, 0xdb, 0x13, 0xbe,
  0x36, 0x9f, 0x1b, 0x3e, 0x6c, 0x71, 0x4c, 0xbe, 0x36, 0x9d, 0x71, 0xbe,
  0xf7, 0x6d, 0x07, 0xbe, 0x06, 0x61, 0xd0, 0xbe, 0xa3, 0x38, 0x59, 0xbe,
  0x40, 0x40, 0xda, 0x3d, 0x78, 0xc9, 0xbf, 0x3e, 0x3f, 0xa9, 0xcc, 0xbd,
  0xd2, 0x62, 0x8e, 0xbe, 0x33, 0xb9, 0xd2, 0xbe, 0x5a, 0xa8, 0x2f, 0xbe,
  0xf6, 0x63, 0x28, 0xbd, 0xb5, 0x94, 0x96, 0x3c, 0xbc, 0x48, 0xba, 0xbd,
  0x61, 0x29, 0x1b, 0xbd, 0x85, 0xd9, 0x15, 0xbe, 0xcd, 0x55, 0xde, 0x3d,
  0x32, 0x97, 0x02, 0x3f, 0xe6, 0xa3, 0x22, 0x3d, 0x3d, 0x85, 0xdb, 0x3e,
  0xda, 0x9d, 0xa0, 0xbd, 0x9a, 0x00, 0xc2, 0x3d, 0xe0, 0x3a, 0x09, 0xbe,
  0xa9, 0x32, 0xac, 0x3e, 0xee, 0x4b, 0xe2, 0x3e, 0xb7, 0x46, 0x3a, 0xbe,
  0x3f, 0xbd, 0x60, 0xbc, 0x52, 0xc5, 0xa1, 0x3e, 0x68, 0x98, 0x80, 0x3e,
  0x1b, 0x63, 0xbc, 0xbe, 0xd6, 0xf5, 0x18, 0xbe, 0xfc, 0x5b, 0x2a, 0x3e,
  0xea, 0x97, 0x8e, 0x3e, 0x3d, 0x12, 0xcc, 0x3d, 0xc0, 0x3d, 0x49, 0x3e,
  0x0c, 0x6d, 0xeb, 0xbe, 0xcb, 0x9a, 0x96, 0xbe, 0xa0, 0x53, 0x94, 0x3e,
  0x88, 0x75, 0x0c, 0x3e, 0x53, 0x6d, 0xab, 0xbe, 0xbb, 0x0e, 0x86, 0x3e,
  0xa9, 0x9e, 0xbe, 0x3d, 0x40, 0xd1, 0x85, 0x3e, 0x84, 0x3a, 0x33, 0x3e,
  0xd9, 0x1d, 0xef, 0xbd, 0x8e, 0x08, 0xd9, 0xbd, 0x6d, 0xcb, 0x84, 0xbe,
  0x64, 0x9e, 0x01, 0x3e, 0x9c, 0x76, 0xd4, 0x3d, 0xcc, 0x9b, 0x0b, 0x3e,
  0x6a, 0xde, 0xe2, 0x3d, 0xda, 0xa4, 0x28, 0x3c, 0x9b, 0x1d, 0xc7, 0x3d,
  0x62, 0x47, 0x58, 0xbd, 0x02, 0xc4, 0x7e, 0x3e, 0x21, 0x21, 0x1d, 0xbd,
  0x1e, 0x0e, 0x7d, 0xbe, 0x00, 0x48, 0x1c, 0xbb, 0xe6, 0x40, 0x0a, 0x3e,
  0x76, 0x3e, 0x6b, 0xbe, 0x68, 0x69, 0x52, 0x3e, 0x78, 0x20, 0x1d, 0xbe,
  0x4b, 0x2a, 0x0f, 0xbe, 0x30, 0x30, 0x36, 0xbe, 0x3f, 0xaa, 0x5d, 0x3e,
  0x69, 0x68, 0xa1, 0xbe, 0x03, 0xa3, 0xce, 0xbd, 0xe8, 0x5b, 0x91, 0x3e,
  0x38, 0x92, 0xf8, 0xbd, 0xf0, 0x32, 0x50, 0x3c, 0xcc, 0x5c, 0xdb, 0x3e,
  0x68, 0x44, 0x8f, 0xbe, 0x37, 0xe2, 0x94, 0xbe, 0xa9, 0x38, 0x67, 0xbd,
  0xe2, 0xe2, 0x1b, 0x3e, 0x58, 0x1b, 0x26, 0x3e, 0x44, 0x9e, 0x3f, 0xbe,
  0xbc, 0xb4, 0x8d, 0xbe, 0xaa, 0xf1, 0xa3, 0x3e, 0x13, 0x5c, 0x20, 0xbf,
  0x08, 0xdb, 0xea, 0xbd, 0x62, 0xda, 0xe9, 0x3d, 0x7b, 0xa6, 0xbd, 0xbc,
  0xb8, 0xb9, 0x32, 0x3f, 0x07, 0x00, 0xc0, 0xbd, 0x85, 0xcf, 0xbc, 0x3e,
  0xd8, 0x19, 0x55, 0x3d, 0x82, 0x31, 0x95, 0x3e, 0x3d, 0xb8, 0xc0, 0x3e,
  0xa7, 0x8a, 0x5e, 0x3e, 0x84, 0x96, 0x74, 0x3a, 0xff, 0x99, 0x43, 0x3e,
  0xe7, 0x07, 0x7e, 0x3e, 0x68, 0x80, 0x9c, 0xbd, 0xb1, 0xa8, 0x8a, 0x3e,
  0x50, 0xe7, 0xc4, 0x3e, 0xdf, 0x15, 0x43, 0x3e, 0x82, 0x7e, 0xe2, 0xbd,
  0xc0, 0xb5, 0xe7, 0xbc, 0x80, 0x43, 0xbe, 0xbe, 0xc1, 0xae, 0x2c, 0xbe,
  0xe2, 0x1a, 0x85, 0x3e, 0x56, 0xc0, 0xad, 0x3e, 0xdc, 0x71, 0xf1, 0xbd,
  0xcc, 0x69, 0xb8, 0xba, 0xcf, 0xaa, 0x69, 0x3e, 0xe0, 0x29, 0x0d, 0x3d,
  0x4e, 0xab, 0x5b, 0xbe, 0xeb, 0xed, 0x28, 0xbe, 0x9c, 0xda, 0x9f, 0x3e,
  0xa4, 0xa9, 0xb2, 0x3c, 0x08, 0x0e, 0xd1, 0xbd, 0x22, 0x62, 0x22, 0xbe,
  0xfa, 0xdd, 0xb8, 0xbd, 0xb1, 0xa8, 0x04, 0xbd, 0x8e, 0x17, 0x06, 0xbd,
  0x7b, 0x36, 0x67, 0x3d, 0x38, 0x20, 0x4a, 0x3c, 0xe8, 0xd1, 0x4b, 0xbe,
  0x39, 0x11, 0x50, 0xbe, 0x04, 0xa7, 0x12, 0x3e, 0xa9, 0x1f, 0xb7, 0x3d,
  0x98, 0xb4, 0x56, 0xbe, 0x91, 0x82, 0xc4, 0xbe, 0x90, 0xd2, 0x8f, 0xbe,
  0x31, 0x0c, 0x42, 0xbe, 0x55, 0x76, 0xd1, 0xbb, 0xcd, 0x81, 0x88, 0x3d,
  0xff, 0xb2, 0x41, 0xbe, 0x8c, 0x23, 0x97, 0x3e, 0xe3, 0x53, 0xb8, 0x3e,
  0x3d, 0xc2, 0xcf, 0xbd, 0xab, 0x71, 0xa6, 0xbe, 0x92, 0xbf, 0x07, 0xbf,
  0x24, 0xf7, 0x0c, 0x3e, 0x50, 0x15, 0x9d, 0x3e, 0xc7, 0x90, 0x31, 0x3d,
  0x0b, 0xba, 0x01, 0x3b, 0xf5, 0xf3, 0xe7, 0xbd, 0xb3, 0x42, 0x43, 0x3e,
  0x12, 0x98, 0x3c, 0xbe, 0x5a, 0x1f, 0x99, 0xbe, 0xbe, 0xea, 0x53, 0xbd,
  0x9c, 0xbc, 0x6a, 0xbe, 0x1c, 0x4d, 0x17, 0x3e, 0x04, 0x9d, 0x91, 0x3d,
  0xe5, 0x96, 0x01, 0x3e, 0x65, 0x0c, 0x66, 0x3e, 0x7a, 0x69, 0x0e, 0xbe,
  0x69, 0xfc, 0x47, 0x3e, 0x78, 0xa8, 0x5b, 0xbe, 0x47, 0x97, 0xd7, 0x3d,
  0x16, 0xa4, 0x14, 0xbe, 0x32, 0x81, 0x79, 0xbe, 0x81, 0x3e, 0x7c, 0x3e,
  0x9c, 0x40, 0xd4, 0xbd, 0xcd, 0xd2, 0x52, 0x3d, 0x30, 0x31, 0x7d, 0xbe,
  0xeb, 0xb2, 0x3b, 0x3e, 0x68, 0x61, 0x6e, 0x3a, 0x7d, 0xea, 0xbc, 0x3a,
  0x04, 0xbe, 0x44, 0x3e, 0x33, 0xb0, 0x47, 0xbe, 0x6c, 0x95, 0xf5, 0xbe,
  0x50, 0x33, 0x31, 0xbe, 0x23, 0x4f, 0x68, 0x3d, 0x37, 0x95, 0x4e, 0x3e,
  0xd9, 0xee, 0x15, 0xbe, 0x99, 0x52, 0x2e, 0xbe, 0x84, 0x3e, 0xee, 0xbe,
  0x31, 0xd8, 0x4c, 0xbe, 0x86, 0x82, 0x2c, 0x3d, 0xc4, 0xfc, 0x53, 0x3e,
  0x4d, 0xbc, 0x35, 0xbe, 0x7e, 0xda, 0x97, 0x3d, 0xb6, 0xf2, 0xf7, 0xbd,
  0x94, 0x1c, 0x48, 0xbd, 0xd7, 0x3d, 0xab, 0x3e, 0x00, 0x93, 0x4a, 0xbe,
  0x88, 0x6a, 0xff, 0x3e, 0x2e, 0xd1, 0xe4, 0xbd, 0xee, 0x1f, 0x5d, 0x3e,
  0xa3, 0x0c, 0x09, 0x3c, 0xee, 0x11, 0x8e, 0xba, 0x95, 0x39, 0xb7, 0x3e,
  0xf3, 0x5d, 0xb1, 0xbc, 0xaf, 0x19, 0xfc, 0x3d, 0xef, 0xd0, 0x4a, 0x3d,
  0xfb, 0x94, 0xb2, 0x3d, 0xc7, 0xa0, 0x92, 0xbe, 0xb1, 0xac, 0x62, 0x3d,
  0xf4, 0xb6, 0x9d, 0x3d, 0xfb, 0x4d, 0x4e, 0x3e, 0x92, 0x23, 0xa7, 0xbd,
  0x30, 0xff, 0x59, 0xbb, 0x04, 0xa3, 0xc6, 0xbe, 0x72, 0x00, 0xad, 0xbe,
  0xf4, 0xd9, 0x2a, 0x3e, 0x56, 0x79, 0x5e, 0xbe, 0x7f, 0x38, 0x05, 0x3e,
  0xdd, 0x3d, 0x58, 0xbe, 0x16, 0x3f, 0x22, 0xbe, 0x25, 0xc1, 0x43, 0x3e,
  0x7d, 0x2d, 0x3c, 0x3e, 0xcd, 0x1c, 0x6a, 0xbe, 0x7b, 0x6d, 0x42, 0xbd,
  0x5d, 0x35, 0x82, 0xbe, 0x65, 0x87, 0x1e, 0x3d, 0x1a, 0x8b, 0xbc, 0xbd,
  0x63, 0xbf, 0x35, 0xbe, 0xb4, 0x8a, 0x32, 0xbd, 0x74, 0x70, 0x5f, 0xbe,
  0xf6, 0x60, 0x83, 0xbd, 0xd2, 0x56, 0x7b, 0xbe, 0xc0, 0xb3, 0x1b, 0x3c,
  0x85, 0x35, 0x23, 0x3e, 0x5e, 0x38, 0x7e, 0xbc, 0xc8, 0x26, 0x9a, 0xbd,
  0xe4, 0xb5, 0x93, 0x3d, 0x32, 0x85, 0x8d, 0xbd, 0xbe, 0xbe, 0xb1, 0x3d,
  0xe3, 0xa3, 0x10, 0xbe, 0xd9, 0x76, 0x62, 0xbe, 0x38, 0x72, 0x5f, 0xbd,
  0x8e, 0xd0, 0x81, 0x3e, 0x87, 0xf2, 0x0a, 0xbe, 0x68, 0xd0, 0x28, 0x3e,
  0x89, 0x6a, 0x3f, 0x3e, 0x58, 0xaf, 0x24, 0x3d, 0x6a, 0x28, 0xc3, 0x3c,
  0x26, 0x9b, 0xba, 0x3e, 0x09, 0xc0, 0xe0, 0xbb, 0x08, 0x03, 0xac, 0xbe,
  0x8c, 0x70, 0x85, 0xbe, 0xaf, 0xb5, 0x07, 0xbe, 0x85, 0x5e, 0x83, 0x3e,
  0x5a, 0xff, 0x8a, 0x3d, 0x4a, 0x14, 0x22, 0xbe, 0x84, 0x4a, 0xf1, 0xbc,
  0x9c, 0x25, 0x89, 0x3c, 0x78, 0x4b, 0x2c, 0x3e, 0xcd, 0xb0, 0x8d, 0x3e,
  0xce, 0xd6, 0x89, 0xbe, 0xd1, 0x4b, 0x18, 0x3f, 0xe8, 0xdb, 0x86, 0x3b,
  0x1e, 0x9e, 0x18, 0x3f, 0xdd, 0x48, 0x3a, 0xbd, 0xb3, 0x56, 0xe2, 0xbc,
  0x3c, 0xe4, 0xaf, 0x3e, 0x14, 0xe1, 0x1e, 0x3e, 0x21, 0x51, 0xc7, 0x3d,
  0x10, 0x48, 0xad, 0x3e, 0x14, 0xfd, 0x91, 0x3e, 0xf0, 0x73, 0xaa, 0xbe,
  0x30, 0x84, 0x89, 0xbd, 0x16, 0x1f, 0xd3, 0x3e, 0x00, 0x9e, 0xe4, 0xbd,
  0x90, 0x04, 0x06, 0xbe, 0xcf, 0xe0, 0x87, 0x3e, 0x18, 0xd2, 0x07, 0xbf,
  0x74, 0x57, 0x56, 0xbe, 0x99, 0x41, 0xcc, 0x3d, 0xbb, 0x58, 0xd4, 0x3e,
  0x88, 0x5f, 0x01, 0x3e, 0x11, 0x95, 0xc4, 0x3d, 0x91, 0xad, 0x55, 0xbd,
  0xe9, 0x32, 0x67, 0xbe, 0xde, 0xd4, 0x39, 0x3e, 0xc3, 0xb9, 0x65, 0x3e,
  0xd8, 0xea, 0xa9, 0xbe, 0x1c, 0xa4, 0xbc, 0xbd, 0x1a, 0xb5, 0xbc, 0xbd,
  0x03, 0x5f, 0xdb, 0x3d, 0x30, 0x3d, 0xc2, 0xbc, 0x13, 0x0e, 0x68, 0x3d,
  0x0b, 0xe9, 0xe6, 0xbd, 0xfc, 0x67, 0x46, 0x3e, 0x6c, 0xda, 0x0f, 0x3f,
  0x4e, 0x5d, 0x4b, 0xbe, 0x93, 0xd3, 0x0c, 0x3e, 0x76, 0xb7, 0xc9, 0x3e,
  0x29, 0xf8, 0x0b, 0x3e, 0x6b, 0x03, 0x1d, 0xbd, 0x62, 0xbe, 0x3c, 0x3e,
  0x82, 0xb6, 0xe9, 0x3d, 0xd5, 0x9d, 0x8e, 0xbd, 0x48, 0x0d, 0x63, 0xbe,
  0x86, 0xad, 0x2e, 0x3e, 0x22, 0xb4, 0x11, 0x3e, 0x29, 0x42, 0x53, 0xbe,
  0x5a, 0x44, 0x94, 0x3e, 0xc5, 0x1f, 0x4c, 0xbe, 0xea, 0xe0, 0xcb, 0xbe,
  0xfb, 0x5f, 0xc4, 0x3e, 0xf5, 0x3e, 0x80, 0x3e, 0x6d, 0x20, 0xa7, 0xbe,
  0xe2, 0x00, 0xb3, 0xbe, 0x4e, 0xa8, 0xeb, 0xbe, 0x19, 0xb6, 0x87, 0xbe,
  0x09, 0x1c, 0x73, 0xbe, 0x6a, 0x32, 0xc0, 0x3c, 0x15, 0x78, 0xb7, 0xbe,
  0xfb, 0x66, 0x43, 0x3e, 0xc2, 0xca, 0xdc, 0xbe, 0x7c, 0x7c, 0x2d, 0x3e,
  0x8a, 0x3c, 0x7b, 0x3e, 0xab, 0xbe, 0x53, 0xbd, 0x36, 0x93, 0x38, 0x3e,
  0x9d, 0x06, 0x93, 0x3e, 0x6c, 0xe3, 0xc9, 0x3e, 0xb2, 0x44, 0x7c, 0xbd,
  0x27, 0x9d, 0x26, 0x3e, 0xf5, 0x5f, 0xcd, 0x3e, 0x74, 0x3a, 0xc7, 0x3d,
  0x5f, 0xc2, 0xa3, 0xbd, 0x92, 0xc9, 0x75, 0x3d, 0x31, 0xac, 0x59, 0xbe,
  0xb6, 0xf4, 0xad, 0xbe, 0xb1, 0x21, 0x7c, 0xbe, 0x24, 0x92, 0xb4, 0x3e,
  0x1f, 0x2c, 0x2a, 0xbe, 0x26, 0x17, 0x1c, 0xbe, 0x5c, 0x11, 0x6e, 0x3e,
  0xa9, 0x7e, 0x0f, 0xbf, 0x29, 0x1e, 0x0a, 0xbf, 0x04, 0x3d, 0xae, 0x3b,
  0xad, 0x00, 0xd1, 0x3e, 0x12, 0xa2, 0x8e, 0xbe, 0xac, 0x51, 0xbe, 0x3d,
  0x0e, 0xb5, 0xdb, 0xbc, 0x99, 0x01, 0x5a, 0x3d, 0xbd, 0xd1, 0x74, 0x3b,
  0x28, 0x52, 0x4c, 0xbc, 0xc2, 0xf9, 0x0e, 0xbf, 0xbd, 0x66, 0x8c, 0x3d,
  0xe4, 0x55, 0x2c, 0xbe, 0x61, 0xbc, 0x35, 0x3e, 0x4f, 0xa6, 0x3b, 0x3e,
  0xd3, 0x89, 0x1e, 0xbe, 0x70, 0x28, 0x66, 0xbd, 0xac, 0xe5, 0x53, 0x3e,
  0x80, 0xe3, 0x86, 0x3e, 0xfa, 0x73, 0xa9, 0xba, 0x93, 0xc2, 0x64, 0xbe,
  0x10, 0xa7, 0xe5, 0x3e, 0x08, 0x80, 0x47, 0x3e, 0x8e, 0xaa, 0x4d, 0xbe,
  0xd4, 0xb6, 0x65, 0x3e, 0x30, 0x6f, 0x85, 0xbe, 0xad, 0x72, 0x9d, 0xbe,
  0xb4, 0x20, 0x50, 0xbe, 0xdf, 0x47, 0xc6, 0x3e, 0xf8, 0x48, 0xbe, 0xbd,
  0xf7, 0xf8, 0x22, 0xbe, 0x50, 0x45, 0x5b, 0x3e, 0x39, 0x4a, 0x5d, 0xbe,
  0xc0, 0xf3, 0x93, 0xbe, 0xf9, 0x2c, 0x38, 0x3d, 0xe8, 0x10, 0xad, 0x3e,
  0xa3, 0x18, 0x81, 0xbc, 0x66, 0xc5, 0x36, 0xbd, 0x9d, 0x8f, 0xf4, 0x3e,
  0x30, 0xa5, 0xe2, 0x3d, 0x8f, 0xfd, 0x94, 0x3c, 0x5f, 0xeb, 0xc0, 0xbd,
  0xb0, 0xad, 0x87, 0x3f, 0xab, 0x73, 0xdf, 0xbd, 0x1d, 0xe9, 0xb4, 0xbe,
  0x25, 0x1f, 0x0a, 0xbe, 0x85, 0x3a, 0xe2, 0xbe, 0x97, 0x47, 0x6d, 0xbe,
  0xa5, 0xab, 0xb5, 0xbe, 0x6f, 0x57, 0x84, 0x3e, 0x82, 0xea, 0x2f, 0x3e,
  0x2d, 0x43, 0x72, 0x3c, 0xc8, 0x7a, 0x7b, 0xbd, 0xd9, 0xed, 0x34, 0xbe,
  0x37, 0x9d, 0x87, 0xbc, 0x8b, 0xe5, 0xf4, 0xbd, 0xc6, 0x86, 0x4c, 0xbe,
  0x8b, 0xa6, 0xc9, 0xbe, 0x55, 0x47, 0x88, 0xbe, 0x1c, 0xd2, 0x91, 0xbe,
  0x80, 0xaa, 0x2a, 0xbe, 0xa4, 0xab, 0x81, 0xbe, 0xa9, 0xdf, 0xf7, 0xbd,
  0xc7, 0x59, 0x59, 0x3e, 0x7a, 0x5d, 0xf1, 0xbe, 0xd2, 0x1d, 0x56, 0xbe,
  0x4c, 0xf1, 0x41, 0xbe, 0xfb, 0x7a, 0x6c, 0xbe, 0xb3, 0xac, 0x22, 0x3c,
  0xaf, 0x7b, 0x61, 0x3c, 0xb5, 0xf7, 0x7b, 0x3d, 0x60, 0xa7, 0x30, 0xbe,
  0x04, 0x6a, 0x1c, 0xbd, 0x71, 0xae, 0x49, 0xbe, 0x60, 0xb7, 0xf4, 0x3c,
  0xb9, 0x42, 0xeb, 0xbd, 0xbe, 0x90, 0xa6, 0xb9, 0x70, 0xc1, 0x35, 0xbe,
  0x23, 0xbc, 0x06, 0x3d, 0x98, 0xbb, 0x4e, 0xbe, 0x68, 0xae, 0x2f, 0xbe,
  0x6f, 0xcc, 0x17, 0xbe, 0x90, 0x51, 0x57, 0xbe, 0xf8, 0x4c, 0xb4, 0xbd,
  0x75, 0x88, 0x11, 0xbe, 0xd3, 0xcb, 0xf5, 0xbd, 0x40, 0xb4, 0x30, 0xbc,
  0x12, 0xe7, 0x3a, 0x3e, 0x26, 0x80, 0xcd, 0x3d, 0x7f, 0x5a, 0x65, 0xbd,
  0xad, 0x23, 0x80, 0x3d, 0xeb, 0xf3, 0x41, 0x3e, 0x82, 0x88, 0x5f, 0x3d,
  0xce, 0x71, 0xaf, 0x3d, 0x4a, 0x60, 0x07, 0x3e, 0xf1, 0x24, 0xd1, 0xbc,
  0x50, 0x53, 0xb8, 0x3d, 0x1f, 0x6b, 0x07, 0xbe, 0x11, 0x46, 0x27, 0x3d,
  0x83, 0xd8, 0xd1, 0x3e, 0xf8, 0xfc, 0xa3, 0x3b, 0x88, 0xeb, 0xf6, 0xb9,
  0xdb, 0x2a, 0xb9, 0xbe, 0xe9, 0x17, 0x8e, 0xbd, 0x41, 0x8b, 0xb5, 0x3d,
  0xd9, 0x11, 0x96, 0x3e, 0x5c, 0xee, 0x0c, 0xbe, 0xcd, 0x64, 0xc7, 0x3e,
  0xb0, 0x55, 0xfc, 0xbe, 0xfe, 0x67, 0x2f, 0xbe, 0x72, 0x16, 0x2b, 0x3e,
  0x7e, 0xcd, 0xea, 0xbd, 0xa0, 0x30, 0x61, 0x3d, 0x05, 0x18, 0xfe, 0x3c,
  0x0f, 0xb3, 0x9c, 0x3e, 0x63, 0x60, 0x03, 0x3e, 0x8d, 0x0e, 0xa4, 0x3d,
  0xb6, 0xd2, 0x7e, 0x3e, 0xe0, 0x26, 0xb4, 0xbd, 0xa6, 0x50, 0x50, 0xbe,
  0x05, 0x5d, 0x71, 0x3d, 0x12, 0x00, 0x7f, 0x3d, 0xe8, 0x9b, 0xc5, 0xbe,
  0x60, 0x49, 0xa0, 0xbb, 0x04, 0x92, 0x69, 0x3e, 0xaa, 0xe6, 0xc4, 0x3d,
  0xdc, 0xa2, 0xba, 0xbe, 0x63, 0x9d, 0x72, 0x3e, 0xdf, 0x3e, 0x50, 0xbe,
  0x26, 0x80, 0x23, 0xbe, 0x84, 0xc5, 0x98, 0x3e, 0xd3, 0x04, 0x1a, 0x3c,
  0x15, 0x9d, 0xda, 0x3b, 0x26, 0x8c, 0xfe, 0xbd, 0x30, 0x96, 0xee, 0x3e,
  0x59, 0xa4, 0xc9, 0xbc, 0xaa, 0x84, 0x88, 0x3e, 0x02, 0x16, 0x01, 0xbd,
  0xa6, 0x20, 0xc5, 0x3e, 0x53, 0xb0, 0x17, 0x3c, 0xa8, 0xda, 0x00, 0xbe,
  0xee, 0x44, 0x46, 0xbe, 0x34, 0x2a, 0x9b, 0x3e, 0x25, 0x6c, 0xb0, 0xbe,
  0x8c, 0x15, 0xdb, 0xbd, 0x87, 0x8e, 0x66, 0x3c, 0x7c, 0xaa, 0x90, 0x3e,
  0xbc, 0x2a, 0x20, 0x3e, 0x9c, 0x26, 0xeb, 0xbd, 0x5b, 0x3a, 0xde, 0x3e,
  0x70, 0xcb, 0x45, 0x3e, 0x45, 0x82, 0x8c, 0xbe, 0xb6, 0x0f, 0x72, 0xbe,
  0x36, 0x29, 0x75, 0xbe, 0x76, 0xea, 0xda, 0xbe, 0xf0, 0xf3, 0x9c, 0xbe,
  0xab, 0xc1, 0x37, 0x3f, 0x74, 0xab, 0xed, 0xbc, 0xb8, 0x01, 0x9f, 0xbd,
  0x93, 0xbe, 0x3e, 0xbe, 0xc2, 0x6a, 0xc6, 0xbe, 0x78, 0x55, 0x0f, 0xbe,
  0xfa, 0x7c, 0xc8, 0xbd, 0x79, 0x0d, 0x27, 0x3e, 0xbd, 0xcd, 0x13, 0xbe,
  0x60, 0xc1, 0x5e, 0xbd, 0x47, 0x50, 0x15, 0x3e, 0x7c, 0xb0, 0xa6, 0x3c,
  0x26, 0xc0, 0x33, 0x3d, 0xc7, 0x7b, 0x29, 0xbe, 0x60, 0x90, 0x68, 0x3e,
  0x70, 0xdc, 0x22, 0xbe, 0x93, 0xed, 0x83, 0xbd, 0x6a, 0x58, 0x2e, 0xbc,
  0xee, 0xf0, 0xf0, 0xbd, 0x23, 0x4c, 0x08, 0x3e, 0x56, 0x31, 0x01, 0x3e,
  0xd9, 0x41, 0x83, 0xbe, 0x67, 0xde, 0xc1, 0x3d, 0x7c, 0x3b, 0x1d, 0xbe,
  0x26, 0xe9, 0xa7, 0xbd, 0x13, 0xa8, 0x24, 0x3e, 0xbc, 0xbd, 0x7d, 0x3e,
  0x5a, 0x88, 0x5f, 0x3e, 0x6f, 0xb2, 0xe9, 0xbd, 0x9f, 0x84, 0x2e, 0xbd,
  0x28, 0xe0, 0xc8, 0xbd, 0xf5, 0x43, 0x11, 0x3e, 0xe3, 0xcd, 0x5c, 0x3e,
  0xd2, 0xdd, 0x6b, 0xbc, 0x83, 0xaf, 0x5e, 0xbe, 0xc8, 0x3a, 0x16, 0xbe,
  0x20, 0x53, 0x26, 0x3e, 0x72, 0x2d, 0x02, 0xbe, 0x90, 0xe4, 0x73, 0x3d,
  0xb6, 0x5f, 0xe0, 0x3e, 0x45, 0xdb, 0xcd, 0xbd, 0xe2, 0xcd, 0x47, 0xbd,
  0x6d, 0x4a, 0x4b, 0xbe, 0x1b, 0x75, 0xc5, 0x3d, 0x2b, 0x6e, 0xf2, 0x3c,
  0x4e, 0x87, 0x7e, 0x3e, 0x2e, 0x1f, 0xb2, 0xbd, 0xa2, 0x6d, 0xc9, 0x3e,
  0xc5, 0x54, 0xe6, 0xbd, 0xb9, 0x8f, 0x8a, 0xbc, 0xf2, 0x74, 0x7a, 0x3e,
  0x6f, 0x90, 0x47, 0x3b, 0x6c, 0x79, 0xa8, 0x3d, 0xd5, 0x7d, 0x9c, 0x3e,
  0x4b, 0x1e, 0x95, 0x3e, 0x99, 0x87, 0x37, 0x3d, 0xb6, 0x6f, 0xfb, 0x3d,
  0xca, 0x62, 0xb4, 0x3e, 0x13, 0x22, 0xa7, 0xbd, 0x5a, 0x0d, 0x75, 0x3e,
  0xd6, 0x7e, 0xaa, 0x3e, 0xaf, 0xe3, 0x53, 0xbe, 0x1e, 0x53, 0xfe, 0x3c,
  0x76, 0xfe, 0xe0, 0xbc, 0x44, 0xd3, 0x09, 0xbd, 0x9f, 0x2c, 0x2d, 0x3e,
  0x1f, 0x36, 0x0e, 0xbe, 0x29, 0x2f, 0x5e, 0x3e, 0x6d, 0x70, 0xf7, 0xbe,
  0x52, 0xc4, 0x00, 0xbf, 0xac, 0xc4, 0x02, 0xbd, 0x09, 0xd2, 0xc6, 0x3e,
  0x9a, 0xe2, 0x08, 0xbe, 0x97, 0x68, 0x87, 0x3e, 0xa5, 0xdb, 0x05, 0x3f,
  0xed, 0x7c, 0x34, 0xbd, 0xee, 0xa5, 0x17, 0x3c, 0x1c, 0x4e, 0x02, 0xbe,
  0x02, 0xc3, 0x57, 0x3f, 0x35, 0x59, 0xe9, 0xbd, 0x23, 0x4e, 0xed, 0xbd,
  0x67, 0x61, 0xf2, 0xbd, 0x7c, 0x04, 0x8c, 0x3d, 0xf1, 0x87, 0xdd, 0x3d,
  0xa6, 0x79, 0xc6, 0xbe, 0xb0, 0x78, 0x41, 0x3e, 0x8a, 0x88, 0xeb, 0x3e,
  0x5f, 0xc1, 0x66, 0xbe, 0x0e, 0xe7, 0xaf, 0xbd, 0xba, 0x2f, 0x86, 0xbe,
  0x0d, 0xbc, 0xd1, 0x3d, 0xeb, 0x1f, 0x90, 0xbd, 0x21, 0x1d, 0x59, 0xbe,
  0x32, 0x9a, 0x9f, 0xbd, 0x87, 0x88, 0x62, 0x3c, 0x16, 0xa2, 0x8f, 0xbe,
  0xc1, 0x4c, 0xa9, 0x3d, 0x3b, 0x8c, 0x71, 0xbe, 0xe7, 0x79, 0x55, 0x3e,
  0xc8, 0x6e, 0x45, 0x3e, 0xcb, 0x95, 0xa6, 0xbe, 0x22, 0x9b, 0x2f, 0xbd,
  0x96, 0x26, 0x3c, 0x3d, 0xab, 0xe8, 0x17, 0xbe, 0xd6, 0xde, 0x4f, 0xbe,
  0x3a, 0xcb, 0x26, 0xbc, 0x59, 0x4d, 0x9c, 0x3d, 0xfa, 0x33, 0x72, 0x3e,
  0xb7, 0xff, 0x80, 0x3d, 0xfa, 0x53, 0x0d, 0xbe, 0x8d, 0x72, 0x2e, 0x3e,
  0x68, 0xdd, 0x0b, 0x3e, 0x1c, 0x77, 0x91, 0xbd, 0x78, 0x83, 0x95, 0xbe,
  0x19, 0xaa, 0xa3, 0xbb, 0x11, 0x1e, 0x98, 0xbc, 0x48, 0xed, 0x3f, 0x3e,
  0x9c, 0xf9, 0x57, 0xbe, 0x5c, 0x9c, 0x15, 0xbe, 0x38, 0x39, 0x7c, 0xbe,
  0xb8, 0xa3, 0xdc, 0xbb, 0xb7, 0xbd, 0x58, 0x3b, 0x51, 0xfa, 0x82, 0x3d,
  0x87, 0x84, 0x13, 0xbc, 0x18, 0x69, 0x0b, 0xbe, 0xf0, 0x15, 0x91, 0xbe,
  0x9c, 0xd5, 0x8a, 0x3e, 0x04, 0xba, 0x97, 0x3e, 0x7d, 0x54, 0x85, 0xbd,
  0xe5, 0x43, 0x30, 0x3e, 0x31, 0x82, 0xe4, 0x3d, 0xc0, 0xf8, 0xad, 0x3d,
  0x07, 0x72, 0x00, 0x3d, 0xf4, 0xe0, 0x53, 0xbe, 0xe5, 0x53, 0x88, 0xbd,
  0xb2, 0x11, 0xc9, 0x3a, 0xa6, 0xe5, 0x4f, 0xbe, 0xa4, 0x1f, 0x81, 0xbe,
  0x0f, 0x43, 0xd4, 0xbd, 0x73, 0x86, 0xd9, 0xbd, 0x93, 0x99, 0x62, 0x3d,
  0x6c, 0x71, 0x4c, 0x3e, 0xb7, 0xf3, 0x39, 0x3d, 0xcf, 0x53, 0x57, 0x3e,
  0x77, 0x12, 0xa0, 0x3d, 0x21, 0x6d, 0xdf, 0x3d, 0xc8, 0xb7, 0x44, 0x3e,
  0xf2, 0x12, 0x67, 0xbd, 0x86, 0xa1, 0xc9, 0x3e, 0x27, 0x6b, 0xf7, 0x3d,
  0x5a, 0x97, 0xe2, 0x3e, 0xef, 0x1c, 0x16, 0x3e, 0x6b, 0xf1, 0xb1, 0x3d,
  0xd0, 0xd7, 0xc4, 0x3e, 0x05, 0x10, 0x83, 0x3e, 0xbe, 0xa2, 0x3e, 0xbd,
  0x2f, 0x4d, 0x63, 0x3e, 0xc0, 0x7f, 0x0b, 0x3e, 0xc3, 0x62, 0xc3, 0x3c,
  0x6d, 0x3d, 0x6f, 0xbe, 0xd4, 0xb5, 0xc1, 0x3e, 0x1e, 0x1d, 0x29, 0x3d,
  0xb4, 0x7e, 0x3e, 0xbe, 0xf1, 0xb0, 0xaf, 0x3d, 0x79, 0x22, 0xec, 0xbe,
  0x07, 0xb3, 0x88, 0xbe, 0x1e, 0x72, 0x81, 0x3e, 0x1b, 0xb9, 0xe8, 0x3d,
  0xed, 0xb9, 0x23, 0xbe, 0x73, 0xd7, 0x80, 0xbd, 0xed, 0xcd, 0xc5, 0x3d,
  0xb3, 0xe9, 0x46, 0x3e, 0x9b, 0x51, 0x67, 0x3e, 0xa0, 0xc0, 0x3a, 0x3e,
  0x7f, 0x0e, 0x1e, 0xbe, 0x2c, 0x5d, 0x7e, 0xbe, 0x95, 0xb8, 0x73, 0x3e,
  0x19, 0x7e, 0x24, 0x3e, 0x62, 0x44, 0x59, 0xbe, 0x37, 0x65, 0x1f, 0x3d,
  0x81, 0x17, 0xac, 0x3d, 0x68, 0xb1, 0xa8, 0xbd, 0x90, 0xc5, 0x60, 0xbd,
  0x30, 0x3f, 0x1b, 0xbd, 0x3a, 0x43, 0xc2, 0x3d, 0xa0, 0xca, 0x49, 0x3e,
  0x94, 0xc7, 0x22, 0xbe, 0xcb, 0xcc, 0x36, 0x3e, 0xac, 0x7a, 0x4d, 0xbe,
  0x88, 0x12, 0x50, 0xbc, 0x83, 0xa2, 0x78, 0x3e, 0xc3, 0x95, 0x1d, 0x3e,
  0x98, 0x76, 0xf4, 0x3c, 0x06, 0x75, 0x31, 0xbe, 0x77, 0xa4, 0xf4, 0xbd,
  0x64, 0x73, 0x8b, 0xbd, 0x39, 0xee, 0x8c, 0xbc, 0xc7, 0x9b, 0x82, 0xbd,
  0xda, 0x20, 0x08, 0x3e, 0xe0, 0xb1, 0x1e, 0xbf, 0xa9, 0xcb, 0x61, 0xbe,
  0x33, 0x51, 0xae, 0xbe, 0xee, 0x34, 0x46, 0x3e, 0xfc, 0x3d, 0xe8, 0xbe,
  0x02, 0x94, 0xa9, 0xbe, 0x07, 0xc5, 0xa8, 0x3d, 0xe4, 0x7b, 0x6e, 0xbe,
  0xe8, 0x5e, 0x04, 0x3f, 0xfe, 0x8c, 0xbd, 0x3e, 0x88, 0xc7, 0x7c, 0x3e,
  0x30, 0x46, 0xc7, 0x3e, 0x83, 0x6f, 0x4c, 0xbd, 0x7f, 0x94, 0x0e, 0xbe,
  0x9d, 0x55, 0xe2, 0x3e, 0xdb, 0x34, 0xd5, 0x3e, 0x37, 0x47, 0x15, 0x3d,
  0x80, 0x61, 0xef, 0xbe, 0x12, 0x86, 0x01, 0x3f, 0x4a, 0x15, 0xe1, 0xbc,
  0x3f, 0x1a, 0xdf, 0xbe, 0xca, 0x0a, 0x0e, 0x3d, 0x2c, 0x7f, 0xbf, 0x3c,
  0xd5, 0xe6, 0x33, 0xbe, 0x1b, 0xe3, 0xbe, 0xbe, 0x31, 0x9e, 0xab, 0x3d,
  0x4f, 0x27, 0x0d, 0xbf, 0xd2, 0x3e, 0x37, 0xbe, 0xfa, 0x3d, 0xd8, 0xbd,
  0x24, 0x90, 0x87, 0x3e, 0xaf, 0x2c, 0xc4, 0x3e, 0x5b, 0xc3, 0x97, 0xbe,
  0x92, 0x64, 0x80, 0x3e, 0x91, 0x0f, 0x82, 0xbe, 0x95, 0xa3, 0x99, 0xbe,
  0x4c, 0xbe, 0xc8, 0xbe, 0x84, 0xc2, 0x2c, 0x3e, 0x83, 0xb6, 0xba, 0x3d,
  0x45, 0x4b, 0x82, 0xbe, 0x1d, 0x39, 0xd1, 0xbe, 0x2f, 0x44, 0xe2, 0x3d,
  0xad, 0xa1, 0x94, 0xbb, 0x18, 0xba, 0x9f, 0x3d, 0x5a, 0x18, 0xe9, 0x3e,
  0x02, 0x57, 0xd1, 0xbd, 0xff, 0x6c, 0xbe, 0x3e, 0x2a, 0x30, 0xd1, 0xbb,
  0x00, 0x96, 0x1e, 0x3f, 0x31, 0x27, 0xf6, 0x3c, 0x23, 0x58, 0x36, 0xbe,
  0x1b, 0x96, 0xb0, 0x3e, 0xfe, 0x32, 0x1d, 0x3e, 0x5d, 0x01, 0x37, 0x3e,
  0xf7, 0x5e, 0xb4, 0x3e, 0x9d, 0xe6, 0x90, 0x3d, 0x9f, 0xbe, 0x68, 0xbe,
  0x19, 0x47, 0x66, 0xbd, 0x15, 0xb1, 0x9f, 0x3d, 0x0e, 0xfa, 0xa0, 0x39,
  0x07, 0x57, 0x76, 0xbd, 0x24, 0xb3, 0x24, 0x3e, 0x01, 0x03, 0x0e, 0xbf,
  0xe9, 0x77, 0xcc, 0xbe, 0x83, 0x09, 0x78, 0x3e, 0xce, 0xc2, 0x44, 0x3e,
  0x8c, 0xac, 0x09, 0xbe, 0x19, 0xbe, 0x2d, 0xbe, 0x0d, 0x3f, 0x5f, 0x3e,
  0x7a, 0x55, 0x5f, 0xbe, 0x7c, 0x26, 0x39, 0x3e, 0x9c, 0xe3, 0x19, 0x3e,
  0xf5, 0xc8, 0x31, 0xbe, 0x2b, 0x38, 0x98, 0x3e, 0x7c, 0xf8, 0xb5, 0xbe,
  0x36, 0xb5, 0x0d, 0xbe, 0x31, 0x06, 0xb1, 0x3e, 0x8e, 0x2d, 0x5d, 0xbd,
  0x85, 0xf3, 0x64, 0xbe, 0x15, 0x9b, 0x1f, 0x3e, 0x12, 0x57, 0xc8, 0x3e,
  0x22, 0x41, 0x88, 0xbd, 0x50, 0x3c, 0x2b, 0xbe, 0x22, 0x05, 0x45, 0xbd,
  0x83, 0x25, 0xa9, 0xbd, 0x33, 0xa4, 0x40, 0x3d, 0x21, 0xed, 0x97, 0x3e,
  0x22, 0x3f, 0xe6, 0xbd, 0xf7, 0xa3, 0xc5, 0xbe, 0x0a, 0xe0, 0x01, 0xbe,
  0xae, 0xc3, 0x67, 0x3d, 0x88, 0xd5, 0x7c, 0xbe, 0xd2, 0xf1, 0xab, 0x3d,
  0xd9, 0x46, 0xcc, 0xbc, 0xd4, 0xca, 0x10, 0xbf, 0xa4, 0x05, 0xdf, 0xbe,
  0xaf, 0x06, 0xbd, 0xbe, 0xe4, 0x66, 0x9f, 0x3e, 0x96, 0x0a, 0xf4, 0xbd,
  0x1b, 0x10, 0x8d, 0xbe, 0xd7, 0x39, 0x49, 0xbe, 0xe0, 0x43, 0x88, 0x3d,
  0xb4, 0xda, 0x29, 0xbe, 0x2f, 0x2d, 0x54, 0x3d, 0x68, 0x0d, 0x53, 0xbd,
  0xbd, 0x77, 0x71, 0x3e, 0x2c, 0xa5, 0xe1, 0xbe, 0x6e, 0xe4, 0xdd, 0x3d,
  0xdd, 0x8e, 0xe4, 0x3e, 0x6f, 0x4b, 0x01, 0xba, 0x42, 0x2c, 0xab, 0x3e,
  0x70, 0x78, 0xa6, 0x3e, 0x96, 0x4b, 0xcd, 0x3e, 0xe6, 0x9c, 0x2c, 0x3e,
  0x8a, 0x05, 0x53, 0x3e, 0x7d, 0x7e, 0xd8, 0x3e, 0x64, 0x5e, 0x01, 0xbe,
  0x1a, 0x38, 0x09, 0xbd, 0xc2, 0xa9, 0x45, 0x3d, 0xcd, 0xbf, 0x71, 0xbd,
  0xf5, 0x5a, 0xe5, 0xbe, 0x97, 0x3a, 0xd6, 0xbd, 0x39, 0xc1, 0x33, 0x3e,
  0x8e, 0x47, 0x8c, 0xbe, 0xdf, 0xd4, 0xcd, 0xbe, 0x1d, 0x33, 0xf9, 0x3d,
  0x85, 0x08, 0x37, 0xbe, 0xa1, 0xe9, 0x8d, 0xbe, 0xf4, 0xff, 0xb1, 0x3e,
  0x8c, 0xd1, 0x71, 0xbe, 0x39, 0x77, 0x14, 0xbe, 0x15, 0x76, 0x7d, 0xbe,
  0xd2, 0x17, 0x99, 0xbe, 0xe9, 0x15, 0x0b, 0xbd, 0xec, 0xf9, 0x91, 0xbe,
  0xed, 0x67, 0xfc, 0x3d, 0xb4, 0x91, 0xb4, 0x3e, 0xea, 0x9b, 0xb8, 0x3e,
  0x4a, 0x7d, 0xaa, 0x3e, 0x9c, 0x12, 0xd4, 0xbd, 0xbf, 0xd2, 0x3b, 0x3e,
  0xa0, 0x93, 0x86, 0x3e, 0x43, 0x8e, 0x1a, 0xbe, 0x7f, 0x2d, 0xee, 0x3d,
  0xb9, 0x88, 0xbb, 0xbe, 0x76, 0x87, 0xa8, 0xbd, 0x64, 0x78, 0x7b, 0xbc,
  0x1e, 0x55, 0x3b, 0x3d, 0x2c, 0x3d, 0xf4, 0xbd, 0x53, 0x4c, 0xae, 0xbd,
  0x69, 0xa1, 0x51, 0xbe, 0xde, 0xb1, 0x74, 0x3e, 0x5b, 0x0f, 0x62, 0xbe,
  0x3f, 0x6b, 0x1f, 0x3d, 0xc7, 0xd1, 0x95, 0xbe, 0x75, 0x98, 0xb1, 0xbc,
  0xe1, 0x91, 0x94, 0xbe, 0xf6, 0xd2, 0x04, 0x3d, 0xb2, 0x58, 0xab, 0x3e,
  0xdc, 0x0f, 0xa2, 0x3e, 0xeb, 0x4c, 0x53, 0xbe, 0x1d, 0x41, 0xd7, 0x3c,
  0xc0, 0x11, 0xc7, 0x3d, 0x84, 0xfc, 0x81, 0xbc, 0xea, 0x9b, 0x53, 0xbe,
  0x69, 0x31, 0x3b, 0xbd, 0x6c, 0x1b, 0x42, 0x3e, 0xc1, 0xd6, 0x9c, 0xbd,
  0x37, 0xad, 0x55, 0xbe, 0x97, 0x69, 0xc4, 0x3d, 0x7d, 0x80, 0xb6, 0xbe,
  0xd3, 0xf1, 0xc7, 0xbc, 0xf4, 0xd0, 0xbf, 0x3e, 0x9e, 0x1f, 0x01, 0xbe,
  0x4a, 0x57, 0xa1, 0xbd, 0x94, 0x53, 0x0d, 0x3e, 0x53, 0x96, 0x6a, 0x3e,
  0xab, 0x79, 0x69, 0x3e, 0xb8, 0x23, 0x68, 0xbe, 0x34, 0xbf, 0x78, 0x3e,
  0x87, 0x13, 0xd1, 0x3b, 0xb4, 0xb6, 0x54, 0xbe, 0x92, 0x92, 0x8a, 0x3d,
  0x03, 0xa9, 0x90, 0xbe, 0xd6, 0x4f, 0xb9, 0xbe, 0x9d, 0xe4, 0x1b, 0x3c,
  0x22, 0x87, 0x80, 0xbd, 0x0a, 0xe1, 0xda, 0xbd, 0xc7, 0x80, 0x80, 0xbe,
  0xa0, 0x96, 0xac, 0x3e, 0x54, 0x09, 0x8b, 0xbe, 0x8b, 0x86, 0xf0, 0xbd,
  0x38, 0x6b, 0x09, 0xbe, 0xed, 0x36, 0xd6, 0x3d, 0x34, 0xcc, 0x7e, 0xbd,
  0xd3, 0xc7, 0x45, 0xbe, 0xc8, 0xca, 0x0c, 0xbe, 0xfe, 0xd1, 0x41, 0xbe,
  0x7f, 0x45, 0xec, 0xbd, 0xb6, 0x95, 0xa0, 0x3c, 0x06, 0x48, 0xf0, 0xbd,
  0x3e, 0xb3, 0x1d, 0xbe, 0xfd, 0xa8, 0xe7, 0x3d, 0x05, 0xbf, 0x05, 0xbe,
  0xe7, 0x44, 0xa0, 0x3d, 0x01, 0x17, 0x53, 0x3e, 0xc4, 0xd3, 0x1a, 0x3e,
  0xb0, 0x70, 0x88, 0xbd, 0x5a, 0x82, 0xe2, 0xbd, 0x94, 0xab, 0x71, 0x3e,
  0xe2, 0x4c, 0x4c, 0xbe, 0x62, 0x14, 0x58, 0xbc, 0x3c, 0x16, 0x48, 0x3e,
  0x98, 0xbe, 0x04, 0xbe, 0x15, 0x88, 0x55, 0xbe, 0x37, 0x6e, 0x36, 0xbe,
  0xb0, 0x51, 0x57, 0x3d, 0xce, 0x7a, 0x3e, 0x3e, 0xa0, 0x1e, 0x86, 0x3d,
  0xe3, 0x3a, 0x81, 0x3e, 0x88, 0x15, 0xeb, 0x3d, 0xf6, 0x60, 0x4f, 0xbe,
  0xda, 0x9f, 0xec, 0xbd, 0x92, 0x91, 0x5e, 0x3e, 0xcd, 0x7f, 0x47, 0x3d,
  0x68, 0x06, 0xf4, 0xbe, 0xd3, 0x87, 0x4c, 0xbe, 0x25, 0x3f, 0x5c, 0x3d,
  0x10, 0xcc, 0xd1, 0x3c, 0x59, 0xfd, 0x78, 0xbe, 0x02, 0x4e, 0x91, 0xbe,
  0xdd, 0x43, 0x46, 0xbe, 0x8b, 0x50, 0x4a, 0xbd, 0xd9, 0xd3, 0x5a, 0x3e,
  0xa4, 0xa1, 0xe0, 0x3e, 0xd8, 0x2a, 0xd1, 0x3e, 0x73, 0x74, 0x31, 0x3e,
  0xdd, 0x88, 0x9b, 0x3e, 0x7f, 0x46, 0x80, 0x3b, 0xf5, 0x29, 0x3a, 0x3e,
  0xd5, 0x0a, 0xf3, 0xbe, 0x55, 0x2b, 0x09, 0x3e, 0x54, 0xdf, 0xfc, 0xbd,
  0x44, 0xe6, 0x23, 0x3d, 0x7b, 0xa9, 0x49, 0x3c, 0x0e, 0x78, 0x6e, 0x3d,
  0xcd, 0xa8, 0x82, 0x3e, 0xea, 0xd0, 0x2e, 0x3d, 0xe7, 0x9d, 0xbe, 0x3d,
  0xd9, 0x29, 0x3f, 0x3d, 0x39, 0x70, 0xd1, 0x3b, 0x7f, 0x2f, 0x8d, 0x3c,
  0x63, 0xf9, 0x25, 0xbe, 0xae, 0x1f, 0x90, 0x3e, 0x3e, 0x63, 0xc2, 0x3c,
  0x61, 0x89, 0x4c, 0x3e, 0x22, 0xd4, 0x1b, 0x3e, 0x90, 0xc8, 0x2a, 0xbd,
  0x6e, 0xce, 0x54, 0x3e, 0xf9, 0x6c, 0xf7, 0xbb, 0x93, 0x6e, 0x2b, 0x3e,
  0xc6, 0x1f, 0x2d, 0x3e, 0x05, 0xe3, 0x6f, 0xbd, 0x24, 0xb5, 0x71, 0x3d,
  0xae, 0x87, 0x37, 0xbe, 0x3f, 0x65, 0x75, 0xbe, 0x55, 0x3f, 0x98, 0x3d,
  0x76, 0x26, 0x4c, 0xbe, 0x5f, 0xa7, 0x49, 0x3e, 0x57, 0xf8, 0xa4, 0xbd,
  0x4e, 0x88, 0xab, 0x3d, 0x3e, 0xa1, 0x12, 0xbb, 0x20, 0x3a, 0x17, 0x3e,
  0x64, 0xbe, 0x05, 0x3e, 0x83, 0x30, 0x2c, 0xbe, 0x31, 0x6d, 0x80, 0xbe,
  0x86, 0xa2, 0x40, 0x3e, 0x8f, 0xca, 0x75, 0x3d, 0x8b, 0x1c, 0x7e, 0x3d,
  0xae, 0x02, 0x6a, 0x3d, 0xba, 0x4d, 0x2d, 0xbe, 0x5a, 0x2e, 0x35, 0x3e,
  0xfc, 0xa6, 0x88, 0x3e, 0xeb, 0xa5, 0x7a, 0x3d, 0xf3, 0x94, 0x49, 0x3e,
  0x2c, 0xfe, 0xd8, 0xbd, 0xb8, 0x04, 0x63, 0x3e, 0x2e, 0x13, 0xb4, 0xbb,
  0xc1, 0x12, 0xc4, 0x3d, 0x0f, 0x44, 0x35, 0xbd, 0x93, 0x29, 0xb7, 0x3d,
  0x96, 0x1b, 0x1c, 0xbe, 0x15, 0xd2, 0xa8, 0x3c, 0x62, 0x46, 0x8a, 0x3c,
  0x13, 0x14, 0x0e, 0x3e, 0xdd, 0xbb, 0xdd, 0xbd, 0x50, 0x89, 0x62, 0x3e,
  0x60, 0xae, 0x84, 0xbe, 0x4e, 0x25, 0x7f, 0x3e, 0x5a, 0xbd, 0x81, 0x3e,
  0x5d, 0x2e, 0x11, 0xbe, 0xba, 0xbb, 0x61, 0x3e, 0xe2, 0x12, 0x31, 0x3d,
  0x57, 0x53, 0x58, 0x3e, 0x42, 0xd2, 0xf8, 0x3e, 0xe0, 0x96, 0x00, 0x3d,
  0x95, 0xd3, 0x03, 0xbe, 0xeb, 0xa5, 0xf8, 0xbd, 0x7f, 0x13, 0x7d, 0xbe,
  0x12, 0x56, 0x8b, 0xbe, 0x22, 0x77, 0x56, 0xbe, 0x53, 0xdf, 0x61, 0xbe,
  0xa9, 0x41, 0xec, 0x3d, 0x54, 0xac, 0x3c, 0xbd, 0xa9, 0x12, 0x2d, 0xbe,
  0x06, 0x21, 0x27, 0x3e, 0x85, 0x5e, 0x82, 0x3e, 0x03, 0xcc, 0x05, 0x3c,
  0xc4, 0xc1, 0xec, 0x3d, 0x7b, 0xb9, 0x70, 0x3e, 0xf5, 0x68, 0xd9, 0x3e,
  0x52, 0x51, 0xbd, 0xbe, 0xc1, 0xa2, 0x8b, 0xbe, 0x4d, 0xc5, 0xc8, 0x3d,
  0x3c, 0x86, 0xab, 0xbe, 0x99, 0xd8, 0x40, 0xbd, 0x6a, 0x34, 0x00, 0xbe,
  0x08, 0x2c, 0xa5, 0x3c, 0x21, 0x56, 0x14, 0x3d, 0x20, 0xb7, 0xc9, 0xbe,
  0x20, 0x94, 0xd2, 0x3e, 0xde, 0x56, 0xce, 0x3d, 0x0b, 0xac, 0xb1, 0xbe,
  0x3e, 0x49, 0x9f, 0x3e, 0x7f, 0xf4, 0x17, 0x3e, 0x59, 0x14, 0xbd, 0x3d,
  0x2c, 0xd1, 0x25, 0xbe, 0x36, 0xec, 0xc4, 0xbd, 0x42, 0xe9, 0x0e, 0xbe,
  0x33, 0x2c, 0x6b, 0xbe, 0x5b, 0x01, 0x18, 0x3e, 0xcd, 0x62, 0x83, 0xbe,
  0x87, 0x02, 0xe8, 0x39, 0x48, 0xf9, 0x9b, 0xbd, 0x9c, 0x59, 0x90, 0x3e,
  0x94, 0xa9, 0x87, 0xbe, 0x4f, 0x08, 0xca, 0xbe, 0x31, 0x1f, 0x88, 0x3d,
  0x34, 0x2f, 0x85, 0xbe, 0xd3, 0x6d, 0x58, 0x3e, 0xc8, 0x40, 0x9d, 0x3b,
  0x05, 0xa8, 0xa3, 0x3e, 0x78, 0xe2, 0x07, 0x3e, 0x20, 0x83, 0x8c, 0x3d,
  0x1b, 0xdb, 0x90, 0xbe, 0xbf, 0xe2, 0x69, 0xbe, 0xf5, 0x63, 0x85, 0xbe,
  0x79, 0x79, 0x87, 0x3d, 0xc5, 0x04, 0xf9, 0x3c, 0x3e, 0x7d, 0x1e, 0xbe,
  0x2e, 0x9c, 0xab, 0xbe, 0xff, 0xf7, 0xe8, 0x3c, 0xbf, 0x63, 0x80, 0x3d,
  0x1c, 0xe8, 0xe2, 0x3d, 0xe0, 0xa9, 0x66, 0x3e, 0x5a, 0x3f, 0x41, 0xbe,
  0x49, 0x04, 0x85, 0x3e, 0x4c, 0xa7, 0x18, 0xbe, 0x62, 0xb6, 0xb5, 0x3e,
  0xa6, 0x45, 0x2e, 0xbe, 0x75, 0xf7, 0x2e, 0xbe, 0xf4, 0x20, 0xf8, 0x3d,
  0xf0, 0x68, 0xe8, 0x3d, 0x1b, 0xdd, 0x5f, 0xbe, 0x0f, 0x9f, 0x95, 0x3e,
  0x69, 0x20, 0x19, 0xbd, 0x2d, 0x01, 0x6f, 0xbd, 0x25, 0x8b, 0xa5, 0xbe,
  0x0b, 0xcc, 0xe4, 0x3e, 0x0b, 0x91, 0x2c, 0xbd, 0xcc, 0xdd, 0x9b, 0xbc,
  0x42, 0xd1, 0x0a, 0x3d, 0x7e, 0x3c, 0x96, 0xbe, 0x1e, 0xaa, 0x9e, 0xbe,
  0x45, 0x23, 0x6e, 0x3e, 0x3c, 0x47, 0xa0, 0x3e, 0x15, 0x11, 0x84, 0xbd,
  0x05, 0xdf, 0x2c, 0xbe, 0xd4, 0x29, 0x5c, 0xbe, 0x28, 0x56, 0x21, 0xbd,
  0x22, 0xa5, 0x8c, 0x3c, 0xb3, 0xa3, 0x07, 0xbd, 0x9b, 0x6b, 0xb1, 0xbe,
  0x3c, 0x6a, 0x8b, 0x3d, 0xe0, 0xb0, 0x20, 0xbe, 0x7e, 0x77, 0xf9, 0xbc,
  0x28, 0xb4, 0xd5, 0x3e, 0xcb, 0x59, 0xe5, 0x3c, 0xad, 0xd4, 0x35, 0x3c,
  0x9e, 0x36, 0x86, 0x3e, 0x08, 0x74, 0xd6, 0x3e, 0x31, 0x2f, 0xbb, 0xbd,
  0x2b, 0x6e, 0x29, 0x3e, 0x2f, 0xf2, 0x9c, 0x3e, 0xf6, 0x2e, 0x72, 0x3e,
  0xdc, 0x7c, 0x18, 0xbc, 0x8e, 0x61, 0x3d, 0x3e, 0xfa, 0x71, 0x03, 0xbc,
  0x67, 0xcb, 0xad, 0xbd, 0x22, 0x91, 0x9c, 0xbd, 0xa0, 0x29, 0xa3, 0x3d,
  0x72, 0x37, 0x55, 0xbe, 0xd9, 0x66, 0xf0, 0xbd, 0x17, 0xaa, 0x28, 0x3e,
  0x2f, 0xea, 0x28, 0xbf, 0xcf, 0x47, 0x59, 0xbe, 0xba, 0x9e, 0x5a, 0xbc,
  0xf5, 0xcc, 0x5a, 0x3e, 0x41, 0x5f, 0x74, 0x3d, 0xba, 0x00, 0x68, 0xbe,
  0x2f, 0xde, 0x12, 0xbf, 0x0c, 0x55, 0x7e, 0xbe, 0x24, 0x5a, 0xd8, 0xbd,
  0x2b, 0x1a, 0x6e, 0xbd, 0x26, 0x5c, 0x84, 0xbe, 0x16, 0x8a, 0x42, 0x3e,
  0xdc, 0xf0, 0x0b, 0xbe, 0xa4, 0xe8, 0x0f, 0x3e, 0x7e, 0x97, 0xc4, 0x3e,
  0x85, 0xb6, 0x4c, 0x3d, 0x43, 0x43, 0x21, 0x3f, 0xca, 0x2d, 0x32, 0x3e,
  0x2c, 0xd7, 0xde, 0x3d, 0x73, 0x81, 0x72, 0xbd, 0x37, 0x78, 0xfb, 0x3d,
  0x1d, 0x88, 0x29, 0x3e, 0x3b, 0x28, 0xa9, 0x3c, 0x99, 0xc2, 0xf1, 0x3d,
  0xdd, 0xc9, 0x80, 0x3e, 0xd0, 0x76, 0x91, 0x3e, 0xe1, 0x98, 0x98, 0xbd,
  0xa4, 0xe5, 0x8a, 0x3e, 0xaf, 0x73, 0x97, 0x3e, 0xb6, 0x52, 0xb7, 0x3c,
  0x89, 0x50, 0x5c, 0x3d, 0x2d, 0x90, 0x6d, 0x3e, 0x35, 0xbb, 0xee, 0xbe,
  0x92, 0xa5, 0x75, 0xbe, 0x33, 0x9a, 0x8a, 0xbd, 0x03, 0x89, 0x54, 0x3e,
  0x98, 0xdf, 0x9e, 0xbe, 0x77, 0xb5, 0xa0, 0xbd, 0x3c, 0x59, 0xb3, 0xbe,
  0x3b, 0x54, 0x2e, 0xbd, 0x11, 0x36, 0x45, 0x3e, 0xb5, 0xea, 0x4a, 0x3e,
  0x97, 0x4a, 0xbc, 0xbe, 0x77, 0x8e, 0x82, 0x3e, 0xed, 0x50, 0xcc, 0xbe,
  0x0a, 0xae, 0xf5, 0xbd, 0x2d, 0xc1, 0xa6, 0x3e, 0x67, 0xb8, 0xff, 0xbd,
  0x0b, 0xe0, 0x14, 0x3e, 0x0f, 0x89, 0x2d, 0x3e, 0xbc, 0x2c, 0x3b, 0x3e,
  0x06, 0x9f, 0xe8, 0xbd, 0xa3, 0x7b, 0x3a, 0xbd, 0x7f, 0x6b, 0xbe, 0x3e,
  0x46, 0x74, 0x21, 0xbd, 0xa2, 0x14, 0x98, 0xbd, 0x10, 0xa1, 0xa6, 0x3d,
  0x2e, 0x52, 0xa3, 0x3d, 0x92, 0xc8, 0xaa, 0xbe, 0xf1, 0x67, 0x1e, 0xbe,
  0x0a, 0x0d, 0xd7, 0x3e, 0xd6, 0xef, 0x69, 0xbe, 0xc1, 0x46, 0x8a, 0xbe,
  0x14, 0x28, 0x1c, 0x3e, 0x04, 0xbe, 0x15, 0xbf, 0x12, 0xb4, 0xa0, 0xbd,
  0xcf, 0xa4, 0x51, 0x3e, 0x6f, 0x7c, 0x9d, 0x3e, 0x74, 0xdb, 0x20, 0xbe,
  0xed, 0xa0, 0xc0, 0xbd, 0xc5, 0x04, 0x46, 0xbd, 0x47, 0x9f, 0x19, 0xbe,
  0x41, 0x87, 0xaa, 0xbd, 0x98, 0x4f, 0x52, 0x3e, 0xb3, 0x66, 0x90, 0xbe,
  0x95, 0x4c, 0xc0, 0x3e, 0xb3, 0xa4, 0x96, 0xbe, 0x03, 0x03, 0x0d, 0x3c,
  0x50, 0x08, 0x3e, 0x3e, 0x07, 0xb0, 0x51, 0x3d, 0x5f, 0xba, 0xb5, 0x3c,
  0x7d, 0x1a, 0x5d, 0x3d, 0x0f, 0x4a, 0x38, 0x3e, 0xdc, 0x7a, 0x2d, 0x3e,
  0x83, 0xa9, 0x2a, 0x3e, 0x9b, 0xb9, 0x0c, 0x3e, 0x05, 0xce, 0xbb, 0xbc,
  0x63, 0xfd, 0x98, 0xbc, 0x38, 0xc0, 0x07, 0x3e, 0x66, 0x3f, 0x23, 0xbe,
  0x0c, 0x29, 0x5b, 0x3d, 0x96, 0x30, 0x22, 0xbe, 0xab, 0xa6, 0xef, 0x3e,
  0xeb, 0x16, 0x16, 0x3e, 0xf6, 0x7e, 0xd3, 0x3c, 0xbe, 0x7e, 0xd3, 0x3d,
  0x9c, 0xf2, 0x18, 0xbf, 0xb1, 0x1b, 0x3e, 0xbc, 0xa4, 0x37, 0x82, 0x3d,
  0xe7, 0xbd, 0x56, 0xbe, 0x23, 0x74, 0x04, 0xbe, 0x52, 0xae, 0x67, 0x3e,
  0x06, 0x54, 0x15, 0xbe, 0x07, 0xcc, 0x33, 0x3e, 0xfa, 0xa4, 0x6c, 0xbe,
  0xbe, 0x5f, 0x35, 0xbe, 0x2c, 0x12, 0x6e, 0xbe, 0xbb, 0x1a, 0x15, 0x3e,
  0x3a, 0x0b, 0x01, 0xbe, 0x65, 0xcb, 0x4c, 0xbc, 0xc3, 0x16, 0x6f, 0xbe,
  0x9e, 0x1b, 0x38, 0xbe, 0x7a, 0xc0, 0x30, 0xbe, 0x2d, 0xbf, 0x8c, 0xbd,
  0xea, 0x89, 0x64, 0x3e, 0x48, 0xe4, 0x0c, 0xbe, 0x37, 0xcc, 0x31, 0x3c,
  0xb2, 0xf9, 0x26, 0xbe, 0xb5, 0xda, 0x64, 0x3e, 0xa9, 0x66, 0x5e, 0x3e,
  0xa2, 0x48, 0x3c, 0xbe, 0x00, 0xae, 0x1a, 0xbe, 0xa1, 0xc2, 0x0c, 0xbe,
  0xab, 0x5f, 0x44, 0x3e, 0x10, 0x07, 0x59, 0x3e, 0x07, 0x3b, 0x17, 0xbe,
  0x67, 0x08, 0x1b, 0xbe, 0x1d, 0x71, 0x14, 0xbd, 0xf0, 0x06, 0x16, 0x3d,
  0x6d, 0xee, 0xc2, 0x3c, 0x08, 0xb3, 0x42, 0xbe, 0x17, 0x5e, 0x1c, 0x3d,
  0xd6, 0xfe, 0x1c, 0x3d, 0xb3, 0x3a, 0x73, 0xbe, 0x2a, 0xde, 0x0d, 0xbf,
  0x97, 0xcd, 0x28, 0x3d, 0x8d, 0x0d, 0x60, 0x3d, 0xa5, 0xed, 0x8b, 0x3e,
  0x6c, 0x6e, 0x99, 0xbe, 0xaa, 0xfe, 0xd3, 0x3e, 0xbe, 0x89, 0x15, 0xbe,
  0x37, 0x75, 0x70, 0xbe, 0xc9, 0x36, 0x5f, 0x3e, 0xfd, 0x21, 0x8a, 0xbd,
  0xfe, 0xf4, 0xb0, 0xbd, 0xa8, 0x32, 0x95, 0x3e, 0x76, 0x12, 0xab, 0x3e,
  0x91, 0x49, 0x15, 0xbc, 0xc6, 0x3d, 0x98, 0x3d, 0xe1, 0x55, 0x20, 0x3e,
  0xf2, 0xed, 0x43, 0xbe, 0x7e, 0x44, 0x22, 0xbe, 0xd4, 0x62, 0xe7, 0x3e,
  0x39, 0xd7, 0xb6, 0xbd, 0xa9, 0xfc, 0xcf, 0xbe, 0x8f, 0x55, 0x64, 0xbe,
  0xe5, 0xaf, 0xa1, 0x3e, 0x78, 0x9d, 0x2c, 0xbe, 0x28, 0xf3, 0xf0, 0xbd,
  0xd2, 0x10, 0xd2, 0x3d, 0x75, 0xfe, 0x24, 0xbe, 0x14, 0xd8, 0x2a, 0xbe,
  0x7d, 0x8b, 0x3b, 0x3e, 0xe1, 0x8f, 0x85, 0x3d, 0x81, 0xfa, 0xde, 0x3d,
  0xd0, 0x8c, 0x46, 0xbe, 0xd2, 0x32, 0x21, 0xbe, 0x51, 0xcb, 0x49, 0xbe,
  0x39, 0x41, 0xe7, 0xbc, 0xbe, 0x29, 0x26, 0xbe, 0xc8, 0xb0, 0x88, 0xbe,
  0xef, 0x45, 0x43, 0x3e, 0x8d, 0x2e, 0xb7, 0xbe, 0x0a, 0xf1, 0x03, 0x3e,
  0xd5, 0x35, 0x2a, 0x3e, 0x71, 0x45, 0x4c, 0xbe, 0x45, 0x35, 0xf3, 0x3e,
  0x25, 0x5a, 0x53, 0x3e, 0x45, 0xcd, 0xc9, 0xbd, 0xa2, 0xf6, 0x1d, 0x3e,
  0x46, 0x10, 0xa7, 0x3d, 0x63, 0x6f, 0x8a, 0x3e, 0xff, 0x79, 0x73, 0xbe,
  0xca, 0xb8, 0x63, 0x3e, 0x11, 0xc0, 0x92, 0x3d, 0xb2, 0xf2, 0xb4, 0x3d,
  0x15, 0x5e, 0x46, 0xbe, 0xa0, 0x1a, 0xc0, 0xbd, 0xa1, 0x9e, 0xe6, 0x3d,
  0x40, 0x2b, 0xab, 0x3e, 0x8a, 0x8b, 0x8d, 0x3d, 0x20, 0x8d, 0x14, 0x3d,
  0xcc, 0x93, 0xbb, 0xbe, 0xce, 0xdd, 0xb4, 0xbe, 0xe4, 0xe2, 0x75, 0x3e,
  0xcb, 0xaa, 0x84, 0x3e, 0xac, 0xf2, 0x24, 0x3e, 0x29, 0x10, 0xa0, 0xbe,
  0xd5, 0x36, 0x19, 0xbe, 0x67, 0x47, 0xee, 0x3c, 0x7e, 0xe5, 0x59, 0x3e,
  0x9c, 0xe7, 0x93, 0x3e, 0xf8, 0x5f, 0xae, 0xbe, 0x85, 0xc6, 0x94, 0x3e,
  0xc7, 0x3c, 0xe3, 0xbe, 0x24, 0x52, 0x83, 0x3e, 0xc7, 0x44, 0xf6, 0x3d,
  0xac, 0xdc, 0x3c, 0xbd, 0x1f, 0xe2, 0xb2, 0x3e, 0xfa, 0xc0, 0x62, 0x3e,
  0xfa, 0xac, 0x5f, 0x3d, 0x93, 0xac, 0x06, 0x3e, 0xfe, 0x50, 0xd6, 0x3e,
  0x52, 0x00, 0x83, 0x3e, 0xd2, 0x59, 0xe0, 0xbd, 0x53, 0x68, 0x64, 0xbd,
  0x3b, 0x24, 0x3f, 0x3c, 0xb6, 0xe7, 0x45, 0x3e, 0x4a, 0x4a, 0x63, 0xbe,
  0xf7, 0x49, 0x66, 0x3e, 0xdb, 0xb2, 0x2e, 0x3e, 0x98, 0x45, 0xd6, 0x3b,
  0x17, 0x42, 0x55, 0x3d, 0x76, 0x6e, 0x6b, 0x3e, 0xe7, 0x79, 0xd6, 0xbe,
  0x37, 0xa3, 0x99, 0xbe, 0xaa, 0x19, 0xdf, 0x3e, 0x16, 0x68, 0xee, 0x3d,
  0x39, 0xff, 0x7e, 0x3d, 0x3c, 0x61, 0x27, 0x3e, 0xd5, 0x6f, 0xa8, 0x3d,
  0xce, 0x94, 0x81, 0x3d, 0x76, 0xd9, 0x51, 0x3e, 0x2f, 0xa9, 0x28, 0xbe,
  0xef, 0x39, 0x1d, 0x3e, 0x3b, 0x66, 0x07, 0xbe, 0x48, 0xdc, 0x81, 0x3e,
  0x4e, 0x70, 0x00, 0xbe, 0x06, 0x96, 0x8b, 0x3d, 0x92, 0xa1, 0x54, 0x3e,
  0x99, 0xfc, 0x3f, 0xbe, 0xba, 0xb1, 0xee, 0x3d, 0x99, 0x3f, 0xde, 0x3d,
  0x80, 0x72, 0xf7, 0xbd, 0xca, 0xc6, 0xa3, 0x3d, 0x48, 0x60, 0x2d, 0x3e,
  0x70, 0x77, 0x6e, 0x3d, 0xee, 0xd7, 0x0c, 0x3e, 0xdd, 0x0d, 0x62, 0x3c,
  0x55, 0x46, 0x88, 0xbe, 0xae, 0x7f, 0x86, 0x3d, 0x0b, 0x5b, 0xab, 0x3b,
  0x43, 0x71, 0x18, 0xbd, 0x9a, 0x11, 0xd9, 0x3d, 0x9b, 0x25, 0x73, 0x3d,
  0xe7, 0xcf, 0xd9, 0xbd, 0x67, 0x4c, 0x29, 0x3e, 0x11, 0x5a, 0x18, 0xbe,
  0xce, 0x4e, 0x91, 0x3d, 0x01, 0x9a, 0x21, 0xbe, 0x99, 0x3a, 0x86, 0x3e,
  0xac, 0x3e, 0x0b, 0xbd, 0xf5, 0x4e, 0x1f, 0xbe, 0x7d, 0x0a, 0xc7, 0x3d,
  0x37, 0xe6, 0x44, 0x3e, 0x6c, 0xf3, 0x0d, 0x3e, 0xc6, 0xa3, 0xa5, 0xbc,
  0xc2, 0xa8, 0x62, 0xbe, 0xc4, 0x92, 0x7d, 0x3e, 0x45, 0xb9, 0xd6, 0xbd,
  0x61, 0x1b, 0x67, 0xbe, 0x38, 0x03, 0x48, 0x3e, 0xcf, 0x60, 0x9a, 0x3d,
  0x69, 0x51, 0x28, 0x3e, 0x0b, 0x95, 0x3e, 0x3c, 0x38, 0x59, 0x93, 0xbd,
  0x80, 0x30, 0x7e, 0x3c, 0x9a, 0xd0, 0x88, 0xbe, 0x2e, 0x83, 0x3b, 0x3c,
  0x5b, 0x26, 0xe1, 0xbd, 0x5d, 0xf9, 0x8a, 0xbe, 0xf6, 0xbf, 0x0a, 0x3e,
  0x23, 0x21, 0xb9, 0x3d, 0x47, 0x74, 0x08, 0x3e, 0x8d, 0x8f, 0xa5, 0xba,
  0x99, 0x85, 0x6e, 0x3c, 0x64, 0xc7, 0xaf, 0x3e, 0x0a, 0x32, 0x2e, 0x3e,
  0xbc, 0x7e, 0xc8, 0xbd, 0x12, 0xf4, 0x4b, 0x3e, 0x69, 0x64, 0x5c, 0x3d,
  0x9f, 0x8b, 0xc4, 0x3e, 0x4f, 0xdc, 0xc6, 0xbe, 0x83, 0x32, 0x0f, 0x3d,
  0xfb, 0x12, 0x76, 0xbe, 0x50, 0x0e, 0xfd, 0x3d, 0x84, 0x93, 0x05, 0x3e,
  0xdd, 0xea, 0xc7, 0x3d, 0x18, 0x99, 0x2b, 0xbe, 0xb4, 0xf5, 0x9c, 0x3e,
  0x12, 0xb8, 0x5c, 0x3d, 0xcf, 0x00, 0xff, 0xbd, 0x93, 0xd3, 0xc9, 0x3e,
  0x9f, 0x58, 0x18, 0xbe, 0xe1, 0x03, 0x95, 0x3e, 0x04, 0xab, 0x04, 0x3e,
  0x18, 0xb9, 0xec, 0x3e, 0x49, 0x2e, 0x49, 0xbc, 0x36, 0x5a, 0xa2, 0xbc,
  0xcc, 0x57, 0xf2, 0x3e, 0xc7, 0x53, 0x87, 0x3d, 0x12, 0x65, 0x03, 0x3c,
  0xfd, 0x1f, 0xbc, 0x3e, 0xaa, 0x61, 0xd1, 0x3d, 0x71, 0xe2, 0xb5, 0xbe,
  0x87, 0xc2, 0x48, 0x3d, 0x05, 0xd1, 0xed, 0x3e, 0x5a, 0x43, 0x22, 0x3e,
  0xb0, 0xf1, 0x1a, 0xbe, 0x09, 0xec, 0x8c, 0x3d, 0x6e, 0xbe, 0x0a, 0xbf,
  0xe7, 0xb8, 0xa5, 0xbe, 0x74, 0x19, 0x97, 0x3d, 0x7e, 0x39, 0x35, 0x3d,
  0xe8, 0xe2, 0x23, 0x3e, 0xf5, 0x66, 0xb2, 0x3e, 0xe8, 0x1d, 0x99, 0x3d,
  0x95, 0x90, 0x66, 0x3d, 0x9c, 0x91, 0x65, 0x3e, 0x61, 0x0e, 0x34, 0x3e,
  0xad, 0x0e, 0x0e, 0x3e, 0x37, 0xda, 0x9b, 0xbd, 0x89, 0x0d, 0x0b, 0x3e,
  0x0d, 0xba, 0x9e, 0xbe, 0xdc, 0xd3, 0xb2, 0x3d, 0x00, 0xea, 0x2b, 0x3e,
  0xcf, 0x36, 0x35, 0xbd, 0x99, 0x4a, 0x69, 0x3d, 0x30, 0x2a, 0x47, 0xbe,
  0xf0, 0x49, 0x01, 0xbe, 0x38, 0xf3, 0xcd, 0xbc, 0xe8, 0x45, 0x7b, 0x3d,
  0xf9, 0x32, 0xe0, 0xbd, 0x06, 0x6b, 0xd5, 0xbd, 0x35, 0x41, 0x7f, 0xbe,
  0x3a, 0x4f, 0x94, 0xbe, 0xd5, 0x64, 0xc0, 0xbd, 0x35, 0xee, 0x23, 0x3c,
  0xad, 0xd6, 0xf6, 0xbd, 0x87, 0xc7, 0xba, 0x3e, 0x60, 0x44, 0xee, 0x3d,
  0x06, 0xd1, 0x3f, 0xbd, 0x8c, 0x90, 0x9c, 0x3e, 0x71, 0x20, 0x17, 0xbe,
  0x84, 0xf1, 0x7d, 0x3e, 0x73, 0x36, 0xb5, 0x3e, 0xd7, 0x57, 0x07, 0xbe,
  0xdc, 0xbd, 0x0a, 0xbe, 0xb5, 0x2c, 0x7a, 0xbe, 0x64, 0x92, 0x8e, 0xbe,
  0x91, 0x88, 0x74, 0x3d, 0x1b, 0xaa, 0x98, 0x3e, 0xda, 0x38, 0xd3, 0xbe,
  0xc5, 0xc9, 0x9b, 0x3e, 0x15, 0xe3, 0x9f, 0xbe, 0x2c, 0x85, 0x25, 0x3e,
  0xfc, 0x8b, 0x46, 0x3e, 0xf9, 0x0c, 0x58, 0xbe, 0x09, 0x01, 0x8e, 0x3d,
  0xa5, 0x5d, 0x9a, 0x3e, 0x8a, 0x16, 0x19, 0x3f, 0x91, 0x79, 0x01, 0xbd,
  0xe2, 0xbf, 0x76, 0x3e, 0x0d, 0xf4, 0x6d, 0x3e, 0xe8, 0x99, 0x17, 0xbe,
  0x79, 0xa2, 0x5c, 0x3e, 0x45, 0x13, 0x85, 0x3e, 0x3e, 0xe3, 0x14, 0xbc,
  0x38, 0x76, 0x8a, 0xbe, 0x97, 0xff, 0x83, 0xbe, 0x61, 0xf4, 0x1f, 0xbc,
  0x9d, 0x28, 0x2c, 0xbe, 0xb3, 0x7c, 0xd9, 0xbe, 0xa6, 0xf0, 0x43, 0xbc,
  0x22, 0x0e, 0x88, 0xbe, 0x64, 0xb5, 0xf9, 0xbe, 0x53, 0xc9, 0xc0, 0x3e,
  0x62, 0xca, 0xff, 0xff, 0x10, 0x00, 0x00, 0x00, 0x12, 0x00, 0x00, 0x00,
  0x1c, 0x00, 0x00, 0x00, 0x4c, 0x00, 0x00, 0x00, 0x04, 0x00, 0x00, 0x00,
  0x40, 0x00, 0x00, 0x00, 0x01, 0x00, 0x00, 0x00, 0x01, 0x00, 0x00, 0x00,
  0x20, 0x00, 0x00, 0x00, 0x2e, 0x00, 0x00, 0x00, 0x73, 0x65, 0x71, 0x75,
  0x65, 0x6e, 0x74, 0x69, 0x61, 0x6c, 0x2f, 0x73, 0x65, 0x70, 0x61, 0x72,
  0x61, 0x62, 0x6c, 0x65, 0x5f, 0x63, 0x6f, 0x6e, 0x76, 0x32, 0x64, 0x5f,
  0x32, 0x2f, 0x73, 0x65, 0x70, 0x61, 0x72, 0x61, 0x62, 0x6c, 0x65, 0x5f,
  0x63, 0x6f, 0x6e, 0x76, 0x32, 0x64, 0x00, 0x00, 0xf4, 0xc9, 0xff, 0xff,
  0x56, 0xcb, 0xff, 0xff, 0x04, 0x00, 0x00, 0x00, 0x80, 0x01, 0x00, 0x00,
  0xbb, 0xe8, 0x9e, 0x3e, 0x61, 0xb6, 0x71, 0xbe, 0x0a, 0xfc, 0xb2, 0xbe,
  0x63, 0x33, 0x0f, 0x3f, 0x0c, 0xdd, 0x2f, 0xbe, 0x5a, 0x6f, 0x5a, 0xbe,
  0x2c, 0xea, 0xa3, 0x3d, 0x1c, 0x59, 0x3a, 0x3e, 0xf7, 0x71, 0xc1, 0x3e,
  0x4d, 0xea, 0x70, 0xbe, 0x7c, 0x8b, 0xfb, 0xbc, 0x03, 0x62, 0xc9, 0x3e,
  0x93, 0xbb, 0x3c, 0x3e, 0xdd, 0x77, 0xb9, 0xbe, 0x39, 0x3c, 0x8e, 0x3e,
  0x8c, 0xa0, 0x3d, 0x3f, 0x9b, 0x55, 0x17, 0x3e, 0x9c, 0xb8, 0xf4, 0xbe,
  0xa5, 0x68, 0xc4, 0x3e, 0x36, 0x6c, 0x85, 0x3e, 0x20, 0x3a, 0xe8, 0xbe,
  0xf9, 0x05, 0xf8, 0x3d, 0x9c, 0x80, 0xc6, 0xbc, 0xc4, 0x7b, 0x88, 0xbe,
  0x05, 0xe8, 0xbd, 0xbe, 0x23, 0x1c, 0xa3, 0xbe, 0x2f, 0x5b, 0xd2, 0xbe,
  0x05, 0xa2, 0x3e, 0xbe, 0xb1, 0x12, 0x1c, 0x3e, 0x22, 0x39, 0x41, 0xbe,
  0xb2, 0xc3, 0xdc, 0xbe, 0x93, 0xbb, 0xb1, 0xbe, 0x51, 0x8d, 0x76, 0x3e,
  0x98, 0xd4, 0xd1, 0xbb, 0x7f, 0x16, 0x69, 0xbe, 0xe4, 0x8c, 0xa1, 0xbe,
  0xf0, 0x36, 0x1a, 0xbd, 0xd9, 0x30, 0xff, 0xbd, 0x5c, 0xfa, 0x4d, 0x3e,
  0x21, 0x65, 0x90, 0xbe, 0x1c, 0xad, 0x36, 0x3e, 0x90, 0xc6, 0x03, 0xbf,
  0x45, 0x19, 0xd9, 0x3e, 0xdd, 0x23, 0xae, 0x3e, 0x97, 0x51, 0x24, 0x3e,
  0x32, 0xba, 0xf0, 0xbd, 0x35, 0xd3, 0xb7, 0x3e, 0x0b, 0x7f, 0x3a, 0xbc,
  0x1e, 0x25, 0xae, 0x3d, 0xe0, 0xa5, 0x3c, 0x3d, 0xfe, 0x82, 0xdb, 0x3e,
  0x8c, 0x01, 0x1e, 0x3e, 0x1a, 0x88, 0x8b, 0xbd, 0x1e, 0xd0, 0x52, 0x3c,
  0xef, 0x1b, 0xd6, 0x3e, 0x9d, 0x94, 0xcf, 0xbe, 0x08, 0xc3, 0xaa, 0xbe,
  0x4f, 0xdf, 0xc4, 0xbe, 0xe2, 0x26, 0x02, 0xbe, 0x38, 0x8c, 0x72, 0xbe,
  0xf2, 0xe0, 0x68, 0xbd, 0x3d, 0xb1, 0x28, 0xbf, 0x4a, 0xe2, 0xcd, 0xbe,
  0xb9, 0xbf, 0x38, 0x3c, 0xc1, 0x69, 0xd6, 0x3e, 0x8e, 0x5b, 0x0b, 0xbf,
  0xea, 0x47, 0xcc, 0xbd, 0xc6, 0xe5, 0x99, 0xbe, 0x68, 0x55, 0x91, 0xbe,
  0x25, 0x44, 0x44, 0xbe, 0x2d, 0xe3, 0x8b, 0xbe, 0xb6, 0x0f, 0xb3, 0xbe,
  0xf3, 0xa8, 0x8a, 0x3e, 0xfc, 0xbc, 0xfe, 0xbd, 0xf6, 0x70, 0x8a, 0x3e,
  0x15, 0x5c, 0xc9, 0x3e, 0x7d, 0x03, 0xbf, 0x3d, 0x46, 0x36, 0x71, 0x3e,
  0xb4, 0x49, 0x3e, 0xbc, 0xb0, 0xf8, 0x67, 0x3e, 0x5f, 0x0a, 0x12, 0xbd,
  0xbc, 0x77, 0x7b, 0xbd, 0x2a, 0xd1, 0xac, 0x3e, 0x33, 0x9f, 0xcc, 0xbd,
  0x58, 0xf8, 0xfe, 0xbd, 0xe3, 0x11, 0xf0, 0x3e, 0xfa, 0xc4, 0xb6, 0x3e,
  0xaa, 0x82, 0x4c, 0xbe, 0xce, 0xb9, 0xbf, 0x3c, 0x70, 0xb3, 0xa6, 0xbe,
  0x35, 0x62, 0xa0, 0x3b, 0x55, 0xd0, 0x90, 0x3e, 0xc5, 0x8b, 0xe8, 0x3e,
  0xfa, 0xc6, 0xd2, 0xbe, 0x0c, 0xe0, 0xab, 0xbe, 0x31, 0x34, 0x94, 0x3e,
  0x4e, 0xcc, 0xff, 0xff, 0x10, 0x00, 0x00, 0x00, 0x11, 0x00, 0x00, 0x00,
  0x1c, 0x00, 0x00, 0x00, 0x58, 0x00, 0x00, 0x00, 0x04, 0x00, 0x00, 0x00,
  0x01, 0x00, 0x00, 0x00, 0x03, 0x00, 0x00, 0x00, 0x01, 0x00, 0x00, 0x00,
  0x20, 0x00, 0x00, 0x00, 0x39, 0x00, 0x00, 0x00, 0x73, 0x65, 0x71, 0x75,
  0x65, 0x6e, 0x74, 0x69, 0x61, 0x6c, 0x2f, 0x73, 0x65, 0x70, 0x61, 0x72,
  0x61, 0x62, 0x6c, 0x65, 0x5f, 0x63, 0x6f, 0x6e, 0x76, 0x32, 0x64, 0x5f,
  0x32, 0x2f, 0x73, 0x65, 0x70, 0x61, 0x72, 0x61, 0x62, 0x6c, 0x65, 0x5f,
  0x63, 0x6f, 0x6e, 0x76, 0x32, 0x64, 0x2f, 0x64, 0x65, 0x70, 0x74, 0x68,
  0x77, 0x69, 0x73, 0x65, 0x31, 0x00, 0x00, 0x00, 0xec, 0xcb, 0xff, 0xff,
  0x4e, 0xcd, 0xff, 0xff, 0x04, 0x00, 0x00, 0x00, 0x80, 0x00, 0x00, 0x00,
  0x00, 0x00, 0x00, 0x00, 0x00, 0x00, 0x00, 0x00, 0x00, 0x00, 0x00, 0x00,
  0x00, 0x00, 0x00, 0x00, 0x00, 0x00, 0x00, 0x00, 0x00, 0x00, 0x00, 0x00,
  0x00, 0x00, 0x00, 0x00, 0x00, 0x00, 0x00, 0x00, 0x00, 0x00, 0x00, 0x00,
  0x00, 0x00, 0x00, 0x00, 0x00, 0x00, 0x00, 0x00, 0x00, 0x00, 0x00, 0x00,
  0x00, 0x00, 0x00, 0x00, 0x00, 0x00, 0x00, 0x00, 0x00, 0x00, 0x00, 0x00,
  0x00, 0x00, 0x00, 0x00, 0x00, 0x00, 0x00, 0x00, 0x00, 0x00, 0x00, 0x00,
  0x00, 0x00, 0x00, 0x00, 0x00, 0x00, 0x00, 0x00, 0x00, 0x00, 0x00, 0x00,
  0x00, 0x00, 0x00, 0x00, 0x00, 0x00, 0x00, 0x00, 0x00, 0x00, 0x00, 0x00,
  0x00, 0x00, 0x00, 0x00, 0x00, 0x00, 0x00, 0x00, 0x00, 0x00, 0x00, 0x00,
  0x00, 0x00, 0x00, 0x00, 0x00, 0x00, 0x00, 0x00, 0x00, 0x00, 0x00, 0x00,
  0x00, 0x00, 0x00, 0x00, 0x00, 0x00, 0x00, 0x00, 0x46, 0xcd, 0xff, 0xff,
  0x10, 0x00, 0x00, 0x00, 0x10, 0x00, 0x00, 0x00, 0x10, 0x00, 0x00, 0x00,
  0x4c, 0x00, 0x00, 0x00, 0x01, 0x00, 0x00, 0x00, 0x20, 0x00, 0x00, 0x00,
  0x38, 0x00, 0x00, 0x00, 0x73, 0x65, 0x71, 0x75, 0x65, 0x6e, 0x74, 0x69,
  0x61, 0x6c, 0x2f, 0x73, 0x65, 0x70, 0x61, 0x72, 0x61, 0x62, 0x6c, 0x65,
  0x5f, 0x63, 0x6f, 0x6e, 0x76, 0x32, 0x64, 0x5f, 0x32, 0x2f, 0x73, 0x65,
  0x70, 0x61, 0x72, 0x61, 0x62, 0x6c, 0x65, 0x5f, 0x63, 0x6f, 0x6e, 0x76,
  0x32, 0x64, 0x2f, 0x64, 0x65, 0x70, 0x74, 0x68, 0x77, 0x69, 0x73, 0x65,
  0x00, 0x00, 0x00, 0x00, 0xd8, 0xcc, 0xff, 0xff, 0x3a, 0xce, 0xff, 0xff,
  0x04, 0x00, 0x00, 0x00, 0x00, 0x08, 0x00, 0x00, 0xd2, 0x89, 0xbb, 0x3e,
  0xc9, 0xed, 0x81, 0xbe, 0x5a, 0x72, 0xe3, 0x3d, 0xe4, 0xf6, 0xd1, 0x3d,
  0x92, 0x6d, 0x96, 0x3e, 0xfc, 0x5b, 0x25, 0xbe, 0x30, 0x51, 0xe5, 0x3c,
  0x91, 0xda, 0xa9, 0xbd, 0xe3, 0x22, 0x24, 0xbe, 0x21, 0x98, 0xa2, 0xbe,
  0x07, 0x05, 0xd5, 0xbe, 0x16, 0x28, 0x4e, 0xbe, 0x25, 0xc5, 0x80, 0xbc,
  0x94, 0x9f, 0x90, 0xbd, 0x9b, 0x19, 0x84, 0x3e, 0xaa, 0x1f, 0xe9, 0x3e,
  0xd9, 0x24, 0x9c, 0xbd, 0x67, 0x52, 0x52, 0xbe, 0x67, 0xb8, 0x90, 0xbe,
  0xa2, 0x7d, 0x56, 0xbe, 0x53, 0x99, 0x3f, 0xbf, 0xc7, 0xd5, 0x84, 0x3e,
  0x11, 0x61, 0xbb, 0x3c, 0x68, 0x01, 0xbb, 0xbe, 0xad, 0x18, 0xb9, 0xbe,
  0xc7, 0x1a, 0x6b, 0xbe, 0xd3, 0xd5, 0x97, 0x3c, 0xd1, 0xc9, 0x8f, 0x3e,
  0xb8, 0x0e, 0x3b, 0x3f, 0xb0, 0xd0, 0x31, 0x3e, 0x17, 0x38, 0x66, 0x3c,
  0x48, 0x70, 0x2f, 0xbf, 0x1c, 0x05, 0xe2, 0x3d, 0x7f, 0x3c, 0xd5, 0x3c,
  0xe8, 0x98, 0xbf, 0xbe, 0x2e, 0x26, 0x30, 0xbe, 0x0a, 0x80, 0x1c, 0xbf,
  0x07, 0xbb, 0x08, 0x3e, 0x6b, 0xae, 0xdf, 0x3e, 0x2f, 0xc3, 0xab, 0xbe,
  0xc5, 0xaf, 0x1a, 0x3d, 0xf0, 0x45, 0x02, 0x3d, 0xfa, 0xae, 0x3b, 0x3e,
  0xb3, 0xf8, 0x56, 0xbd, 0x4f, 0x6b, 0x26, 0x3e, 0x00, 0x74, 0x88, 0x3e,
  0x13, 0xba, 0x1e, 0xbe, 0x4e, 0x47, 0x0a, 0x3e, 0x42, 0xf8, 0xab, 0x3e,
  0x2d, 0x61, 0xaf, 0xbe, 0xf9, 0x93, 0x64, 0xbe, 0xcf, 0x39, 0xca, 0x3e,
  0x1e, 0xd3, 0xac, 0x3e, 0x39, 0xea, 0x69, 0x3d, 0xfa, 0x42, 0xfd, 0x3d,
  0xca, 0x95, 0x38, 0xbe, 0x5d, 0xe5, 0xbe, 0x3d, 0xb1, 0xaf, 0x4e, 0xbf,
  0x57, 0xe7, 0xac, 0xbc, 0xcd, 0xd1, 0x1b, 0x3f, 0x5d, 0xd4, 0xaa, 0x3e,
  0x03, 0x9d, 0xc1, 0xbc, 0x1c, 0x6f, 0x62, 0x3f, 0x84, 0x89, 0x40, 0xbb,
  0xbc, 0xfb, 0x36, 0xbe, 0x43, 0x28, 0xc6, 0xbb, 0x79, 0xc1, 0xa4, 0xbe,
  0x7d, 0x82, 0xa5, 0x3e, 0x84, 0x7b, 0x4e, 0x3e, 0x20, 0x27, 0x39, 0x3e,
  0xdc, 0x99, 0x60, 0x3e, 0xff, 0xeb, 0x90, 0x3e, 0xae, 0x04, 0x9c, 0x3e,
  0xd9, 0xb0, 0x80, 0xbd, 0xc0, 0x90, 0x30, 0xbe, 0xde, 0x23, 0xc6, 0x3d,
  0x6d, 0x7f, 0x0b, 0x3f, 0x83, 0xd9, 0x01, 0x3e, 0x48, 0x8d, 0x0b, 0xbe,
  0x70, 0x6a, 0xee, 0x3e, 0x4d, 0x64, 0xd1, 0xbd, 0x50, 0x82, 0xed, 0xbd,
  0xba, 0xee, 0xe3, 0x3c, 0xe3, 0xa1, 0x89, 0x3e, 0x82, 0x01, 0x02, 0xbf,
  0x21, 0x05, 0xc2, 0x3d, 0xb5, 0xad, 0x7e, 0xbe, 0x32, 0xd3, 0x0e, 0x3e,
  0x76, 0x6f, 0x67, 0x3d, 0x09, 0x56, 0xcf, 0xbe, 0xea, 0x08, 0xcd, 0xbe,
  0x49, 0xa7, 0x8d, 0x3e, 0x69, 0xbd, 0x32, 0x3d, 0x50, 0x54, 0x9e, 0x3e,
  0xa9, 0x6c, 0x7a, 0xbe, 0xaa, 0xae, 0xaf, 0xbe, 0x58, 0xcc, 0x89, 0xbe,
  0x74, 0x2c, 0x77, 0x3e, 0xef, 0xa7, 0xc2, 0xbe, 0x98, 0xc5, 0x35, 0xbe,
  0x2b, 0x5d, 0xb1, 0xbd, 0xbe, 0xae, 0x0b, 0x3e, 0xad, 0x45, 0x32, 0x3f,
  0x08, 0xd6, 0x56, 0x3d, 0xbe, 0x86, 0xd6, 0x3d, 0xdf, 0x5f, 0x7a, 0xbe,
  0xa9, 0x87, 0x72, 0x3e, 0x31, 0x62, 0x38, 0xbe, 0x5e, 0xd9, 0xdd, 0xbd,
  0x75, 0xee, 0x52, 0x3e, 0x72, 0x80, 0x8f, 0xbe, 0x43, 0x82, 0x88, 0xbe,
  0x49, 0x32, 0xeb, 0xbe, 0xb5, 0x56, 0x0a, 0x3e, 0x24, 0x71, 0xb0, 0xbe,
  0x72, 0x4b, 0x8a, 0xbe, 0xa8, 0x16, 0x26, 0xbf, 0xb3, 0x8a, 0x36, 0xbe,
  0xef, 0xf5, 0xcf, 0xbb, 0x43, 0xd0, 0xac, 0xbe, 0xc1, 0xa1, 0x2c, 0xbe,
  0xf8, 0x17, 0x8a, 0x3e, 0x77, 0x61, 0x44, 0x3e, 0x90, 0x76, 0x6a, 0xbd,
  0xe5, 0x1b, 0xe9, 0x3e, 0x79, 0x6a, 0xdc, 0x3d, 0x77, 0xd9, 0xeb, 0xbd,
  0xa9, 0x29, 0x36, 0xbf, 0x83, 0xcf, 0x1a, 0xbe, 0xf1, 0x18, 0xbe, 0xbd,
  0x81, 0x9c, 0xea, 0xbe, 0xe8, 0xf3, 0x75, 0x3e, 0xcf, 0x0b, 0x29, 0xbf,
  0xff, 0x29, 0x80, 0xbd, 0x06, 0xd1, 0xcd, 0x3d, 0x94, 0xbd, 0x67, 0xbe,
  0x87, 0x80, 0x86, 0xbe, 0xca, 0x5d, 0x1f, 0x3e, 0x0a, 0x85, 0x46, 0xbe,
  0x09, 0x86, 0x4f, 0x3e, 0x94, 0xbd, 0x1c, 0xbc, 0x0a, 0x88, 0x8d, 0x3e,
  0x2c, 0xa2, 0xe1, 0xbe, 0x34, 0x68, 0x2e, 0xbf, 0x68, 0x4d, 0x2d, 0x3f,
  0x2b, 0xcb, 0x24, 0x3d, 0xce, 0xe1, 0x0b, 0x3e, 0x3e, 0x92, 0x0d, 0xbe,
  0x1e, 0x9d, 0x01, 0x3f, 0xa6, 0xd0, 0x34, 0xbe, 0xd7, 0xc0, 0x36, 0x3d,
  0x90, 0x16, 0xd5, 0xbe, 0xcf, 0x9d, 0x63, 0x3e, 0xd8, 0xbd, 0xcb, 0xbe,
  0x7c, 0x8d, 0x0d, 0x3e, 0x55, 0x0d, 0xa6, 0x3d, 0xfd, 0xbb, 0x8b, 0x3e,
  0x38, 0xb1, 0xdb, 0xbe, 0x5e, 0x2f, 0x29, 0x3f, 0x2a, 0x7d, 0xca, 0x3d,
  0x92, 0x96, 0x91, 0xbe, 0x8b, 0x71, 0x15, 0x3e, 0x41, 0x09, 0x5c, 0xbe,
  0x24, 0x7b, 0x1f, 0x3f, 0x98, 0xeb, 0x31, 0xbf, 0x02, 0x55, 0x5e, 0xbd,
  0x48, 0x3b, 0xc1, 0x3e, 0x27, 0xa3, 0xd5, 0xbe, 0xd3, 0x88, 0x16, 0x3e,
  0xb3, 0xdc, 0x4e, 0xbe, 0xf9, 0x3f, 0x92, 0x3e, 0xfe, 0x67, 0xaa, 0x3e,
  0x7f, 0x0a, 0x24, 0x3f, 0xa2, 0x12, 0x03, 0x3f, 0x0a, 0xd4, 0x94, 0xbc,
  0x92, 0xea, 0xb5, 0xbe, 0xff, 0x1a, 0x38, 0xbe, 0x92, 0xaf, 0xe3, 0x3d,
  0xc4, 0x52, 0x0c, 0xbf, 0x4f, 0x8e, 0xba, 0x3d, 0xda, 0xf2, 0x11, 0xbf,
  0xb4, 0x6d, 0x76, 0xbd, 0xe4, 0xe2, 0xbf, 0x3c, 0xf2, 0x8e, 0x64, 0x3e,
  0xd9, 0x60, 0x0a, 0x3e, 0x59, 0xc5, 0x10, 0x3e, 0x47, 0x3a, 0x13, 0x3e,
  0x5f, 0xde, 0xa1, 0x3e, 0xf0, 0x76, 0xec, 0x3e, 0x3a, 0xe5, 0x93, 0xbd,
  0xde, 0x33, 0xcb, 0x3d, 0xab, 0xaa, 0xb7, 0xbe, 0xe6, 0xf1, 0x76, 0x3e,
  0xa9, 0x08, 0x45, 0xbe, 0x38, 0x46, 0x9a, 0x3e, 0xf0, 0xfc, 0x0c, 0xbe,
  0xb5, 0x9c, 0x31, 0xbf, 0xd8, 0xc0, 0xab, 0x3e, 0x08, 0xb4, 0xc1, 0xbd,
  0x4e, 0xc6, 0x97, 0xbe, 0x87, 0x65, 0x8b, 0x3e, 0x4f, 0x9a, 0x81, 0xbe,
  0xdd, 0x94, 0xba, 0x3d, 0x1b, 0x9c, 0x0e, 0xbe, 0x80, 0xfc, 0xba, 0x3e,
  0x36, 0x86, 0xf7, 0xbd, 0x8c, 0x56, 0x65, 0x3e, 0xe4, 0xe9, 0xe2, 0x3d,
  0xed, 0x4f, 0x24, 0xbe, 0xee, 0x8a, 0x9c, 0x3e, 0x55, 0x6b, 0xbf, 0x3d,
  0x86, 0xbf, 0x89, 0x3e, 0x0b, 0x03, 0x7c, 0x3e, 0x47, 0xf6, 0x15, 0xbd,
  0x15, 0xc6, 0x7a, 0xbd, 0xb1, 0x1d, 0xe2, 0xbe, 0xa5, 0x60, 0xf2, 0x3c,
  0x22, 0xc7, 0x80, 0xbe, 0x9f, 0x5c, 0x1f, 0xbf, 0xa7, 0xad, 0x0b, 0x3f,
  0x1b, 0x03, 0xe4, 0x3e, 0xd6, 0xe8, 0xde, 0xbe, 0xea, 0xfc, 0x49, 0x3f,
  0xfd, 0x29, 0x4b, 0xbf, 0x82, 0x98, 0x97, 0xbe, 0x5b, 0x00, 0xa3, 0xbe,
  0x70, 0x0a, 0xcc, 0xbe, 0x07, 0x18, 0xfb, 0x3e, 0x44, 0x1b, 0x08, 0xbf,
  0x54, 0xd7, 0x2b, 0xbe, 0xd9, 0x7b, 0x9a, 0x3e, 0x81, 0xb4, 0xb7, 0xbe,
  0x12, 0x27, 0x83, 0x3e, 0xd2, 0x6e, 0xcd, 0xbe, 0xa4, 0x94, 0xbd, 0xbe,
  0x8d, 0xc7, 0x22, 0xbe, 0xab, 0x57, 0x0f, 0x3e, 0x45, 0xf1, 0xc9, 0x3e,
  0x36, 0x13, 0xe8, 0xbd, 0xc6, 0xc5, 0xaa, 0x3e, 0x8f, 0xbe, 0xab, 0x3e,
  0xc3, 0x67, 0x1c, 0xbd, 0xcf, 0x44, 0x45, 0xbe, 0x6e, 0x12, 0xa2, 0x3e,
  0xef, 0xe3, 0xe1, 0xbe, 0xfd, 0xd5, 0x6d, 0xbe, 0xcd, 0x2c, 0xbe, 0xbd,
  0xd9, 0x11, 0xe6, 0x3d, 0x18, 0x74, 0x8c, 0x3c, 0x2f, 0x5f, 0x1a, 0x3e,
  0x23, 0x3d, 0x83, 0xbe, 0xea, 0x6f, 0xac, 0x3e, 0xed, 0xa4, 0xa7, 0x3e,
  0x16, 0x5a, 0xe6, 0xbd, 0x74, 0x03, 0xab, 0x3d, 0x8a, 0x93, 0x16, 0xbf,
  0x86, 0x5e, 0x5c, 0xbd, 0x84, 0xef, 0xfb, 0x3d, 0xeb, 0xeb, 0x4b, 0x3e,
  0x94, 0x48, 0xec, 0xbd, 0x56, 0x6f, 0xbb, 0xbd, 0xdd, 0x2f, 0xa0, 0xbe,
  0x53, 0xd0, 0xb3, 0xbd, 0xc4, 0xeb, 0x91, 0x3d, 0x9f, 0x92, 0x23, 0xbe,
  0x19, 0xeb, 0x99, 0x3e, 0xf2, 0xcc, 0x00, 0xbe, 0xf8, 0x1f, 0x9d, 0x3e,
  0x79, 0x12, 0x9e, 0xbe, 0xd8, 0xff, 0x04, 0xbe, 0x45, 0x47, 0x51, 0x3d,
  0x4b, 0x5e, 0x4b, 0x3e, 0xf0, 0x6f, 0x6b, 0x3e, 0x46, 0x12, 0x1e, 0xbe,
  0xc6, 0x75, 0x3c, 0xbe, 0x11, 0x23, 0x03, 0x3f, 0xe5, 0xa5, 0xdd, 0xbe,
  0x78, 0xaf, 0xaa, 0x3e, 0x08, 0x4a, 0x25, 0x3f, 0x06, 0x28, 0x03, 0xbf,
  0x61, 0x82, 0x4d, 0xbe, 0xbd, 0x22, 0x96, 0xbd, 0x95, 0x74, 0x16, 0xbe,
  0xe2, 0x12, 0xfc, 0x3e, 0x55, 0xbf, 0x66, 0x3e, 0x46, 0x7f, 0x89, 0xbc,
  0x8f, 0x90, 0x0d, 0x3f, 0x4f, 0x4b, 0x17, 0xbf, 0x13, 0x92, 0xb4, 0xbd,
  0xd5, 0xc4, 0x65, 0xbe, 0x1c, 0xeb, 0x0d, 0xbf, 0x02, 0xfc, 0xa9, 0xbd,
  0x24, 0x2d, 0x65, 0xbf, 0x19, 0x8e, 0x5d, 0xbe, 0x6c, 0x6c, 0xe3, 0x3d,
  0x73, 0x5d, 0xe0, 0xbe, 0x95, 0xd8, 0x9e, 0xbe, 0x32, 0xa5, 0x35, 0x3d,
  0x95, 0xf7, 0xaa, 0x3e, 0xde, 0x46, 0x81, 0xbe, 0x3f, 0x9a, 0x00, 0x3e,
  0xcb, 0x25, 0x12, 0x3f, 0x14, 0x19, 0x11, 0xbf, 0x4c, 0xf5, 0xb1, 0xbe,
  0x17, 0x09, 0x54, 0xbe, 0x40, 0xba, 0x78, 0xbc, 0x7e, 0xa3, 0x27, 0x3e,
  0xc4, 0xc2, 0x6f, 0x3e, 0xb8, 0xbd, 0xf7, 0xbd, 0xb8, 0xe3, 0x87, 0xbe,
  0x9c, 0x58, 0x49, 0x3c, 0x44, 0x09, 0x4c, 0xbe, 0x81, 0x2b, 0xfd, 0x3d,
  0xb6, 0xd2, 0xa3, 0x3e, 0x59, 0x41, 0xf3, 0xbd, 0x56, 0x63, 0x0d, 0x3d,
  0x24, 0x01, 0x08, 0x3e, 0x82, 0x66, 0xa1, 0xbe, 0xe8, 0x5c, 0x30, 0xbe,
  0xd5, 0x42, 0x9d, 0x3e, 0xa4, 0x3f, 0x42, 0xbe, 0x0d, 0x56, 0x6d, 0xbe,
  0x66, 0x54, 0xac, 0x3d, 0x2c, 0x6b, 0x25, 0x3f, 0x0e, 0x94, 0xd9, 0xbe,
  0xe7, 0x70, 0xaa, 0xbe, 0xee, 0x9d, 0x99, 0x3d, 0x16, 0x9d, 0x0a, 0xbf,
  0x91, 0x8c, 0x1c, 0xbe, 0x28, 0x7a, 0x9f, 0xbd, 0x7f, 0xea, 0x93, 0xbe,
  0x4a, 0x35, 0x27, 0x3f, 0xe4, 0x71, 0x60, 0xbe, 0xfc, 0x19, 0x78, 0x3e,
  0x98, 0x6c, 0xea, 0x3e, 0x2d, 0x8a, 0x0b, 0xbf, 0x21, 0xda, 0x6e, 0x3e,
  0x92, 0xca, 0x54, 0x3e, 0x06, 0x81, 0xcb, 0xbe, 0xa3, 0x1c, 0x01, 0x3f,
  0x39, 0xdf, 0xbc, 0xbe, 0xba, 0x52, 0x88, 0x3e, 0x15, 0x9c, 0x87, 0x3d,
  0x9b, 0xec, 0xf6, 0x3c, 0xe8, 0xcb, 0xc6, 0xbc, 0x87, 0x3c, 0x5b, 0x3e,
  0xb5, 0x50, 0xa7, 0xbe, 0x97, 0x09, 0x12, 0x3f, 0xf0, 0x6c, 0x51, 0xbd,
  0x51, 0xf6, 0x15, 0x3c, 0x76, 0x90, 0x83, 0x3e, 0xae, 0x06, 0x22, 0xbf,
  0xd0, 0x17, 0xf0, 0x3d, 0x2d, 0x65, 0x36, 0x3e, 0x5a, 0x71, 0x4d, 0xbf,
  0x96, 0xdc, 0xe9, 0x3e, 0xeb, 0x79, 0x89, 0xbf, 0x72, 0xeb, 0xc1, 0x3d,
  0x87, 0xa3, 0x94, 0x3e, 0x94, 0xd4, 0x40, 0xbe, 0x60, 0x3f, 0x09, 0xbe,
  0x0c, 0xfb, 0x2e, 0x3d, 0x2c, 0x73, 0xa8, 0xbe, 0xe1, 0x53, 0x20, 0x3f,
  0x6c, 0xd2, 0xa8, 0x3e, 0x20, 0x34, 0x2a, 0xbd, 0x0f, 0xba, 0x2b, 0x3f,
  0x30, 0xea, 0x6f, 0xbf, 0x5a, 0x85, 0x01, 0xbf, 0xb9, 0x52, 0xab, 0x3e,
  0x22, 0x3c, 0x74, 0xbe, 0xb5, 0x81, 0xa4, 0xbc, 0xb0, 0x98, 0x08, 0xbf,
  0xd8, 0xb9, 0x9a, 0xbe, 0x39, 0xe6, 0x2c, 0x3e, 0xb6, 0x8b, 0xab, 0xbe,
  0x66, 0x13, 0x9b, 0x3c, 0x12, 0x98, 0xc8, 0x3d, 0xaf, 0x18, 0xbf, 0xbc,
  0xdb, 0x2a, 0x0d, 0xbe, 0xb1, 0xab, 0xc9, 0x3e, 0x8e, 0xf5, 0x5e, 0x3e,
  0xdd, 0xe4, 0x09, 0xbf, 0x7c, 0x50, 0x6c, 0xbe, 0xc5, 0x1b, 0xad, 0x3e,
  0xb1, 0xcc, 0x95, 0xbe, 0xcc, 0x85, 0x58, 0xbe, 0xb1, 0xb9, 0x9f, 0x3e,
  0x60, 0x11, 0x19, 0x3f, 0x08, 0x02, 0x0d, 0xbe, 0x77, 0x53, 0xbf, 0x3e,
  0xa0, 0xed, 0xa9, 0xbe, 0xa9, 0xe6, 0x9e, 0xbe, 0x13, 0xfc, 0x07, 0x3e,
  0x82, 0xb2, 0x36, 0xbd, 0xad, 0x2e, 0xbb, 0x3d, 0xd0, 0x45, 0xce, 0x3e,
  0x49, 0x69, 0x61, 0xbe, 0x95, 0x74, 0x8a, 0x3e, 0x79, 0xef, 0xfa, 0xbe,
  0x63, 0x4b, 0x39, 0x3f, 0x02, 0x87, 0x82, 0x3c, 0x85, 0xcf, 0xed, 0x3e,
  0xb9, 0x93, 0xc9, 0xbe, 0x12, 0x12, 0x0b, 0xbf, 0xc6, 0xdd, 0x8a, 0xbe,
  0x54, 0xd3, 0xbe, 0xbe, 0xc4, 0x2d, 0x34, 0x3e, 0xff, 0xd0, 0xed, 0xbd,
  0xf2, 0x02, 0xa7, 0xbe, 0xb0, 0x54, 0x27, 0xbe, 0x5f, 0xdd, 0x22, 0xbe,
  0xfe, 0x07, 0xf6, 0x3e, 0x22, 0x0e, 0xd3, 0xbd, 0x86, 0xb9, 0x9d, 0xbc,
  0xd3, 0x48, 0x86, 0xbd, 0x0d, 0xad, 0x37, 0x3e, 0xf0, 0xa2, 0x1d, 0x3e,
  0x88, 0x0f, 0x4e, 0xbe, 0xbf, 0x83, 0x8c, 0x3c, 0xfd, 0x95, 0x48, 0x3d,
  0x48, 0xfa, 0x88, 0x3e, 0x9d, 0x16, 0xe9, 0x3d, 0x68, 0x1f, 0x89, 0xbe,
  0x0d, 0x5d, 0xd2, 0xbd, 0x0f, 0xe0, 0x08, 0x3e, 0xa7, 0x68, 0xa3, 0xbe,
  0x3a, 0x41, 0xc9, 0x3e, 0x83, 0xb2, 0xab, 0x3e, 0x15, 0x05, 0x59, 0x3e,
  0x0a, 0x0c, 0x02, 0x3e, 0x88, 0xbe, 0xca, 0xbe, 0x0e, 0xb6, 0x20, 0xbf,
  0x1e, 0x6e, 0xbb, 0xbd, 0x23, 0xbf, 0xc5, 0xbe, 0x0a, 0x3b, 0x49, 0xbe,
  0x09, 0x6e, 0x33, 0xbc, 0x6e, 0x79, 0xa7, 0x3d, 0x6a, 0x64, 0x09, 0x3f,
  0xa2, 0x44, 0x4e, 0xbe, 0xf0, 0x73, 0x81, 0xbe, 0xe6, 0x98, 0x91, 0x3b,
  0x9d, 0x8c, 0x82, 0x3e, 0xa2, 0x41, 0xe6, 0xbd, 0xaa, 0x78, 0x7f, 0x3e,
  0xe4, 0x6f, 0xa7, 0x3e, 0xd1, 0x59, 0xaf, 0xbe, 0xef, 0x26, 0x1e, 0x3d,
  0x12, 0x4f, 0x4c, 0x3f, 0x75, 0xaa, 0xd4, 0xbd, 0x1d, 0xa8, 0x1b, 0xbe,
  0xd2, 0xb5, 0xfd, 0xbd, 0xdd, 0x35, 0x6e, 0x3e, 0x83, 0xb9, 0x4c, 0xbe,
  0x3a, 0x8f, 0xb2, 0xbd, 0x93, 0x85, 0x7d, 0x3d, 0xbe, 0xf2, 0xdb, 0x3d,
  0x2c, 0x0b, 0xb8, 0xbe, 0xab, 0x1f, 0x06, 0xbf, 0x7b, 0x48, 0xeb, 0x3e,
  0xf6, 0xc1, 0xfa, 0x3e, 0xac, 0xd8, 0x05, 0xbf, 0xc8, 0xc4, 0x81, 0x3e,
  0xc3, 0x4f, 0x0f, 0xbf, 0xf2, 0x3c, 0x00, 0xbf, 0xa5, 0x99, 0x3b, 0xbe,
  0xfd, 0xf2, 0x5f, 0xbd, 0x4c, 0x9a, 0xb0, 0xbe, 0x46, 0x04, 0x22, 0xbf,
  0x81, 0xd0, 0x22, 0x3e, 0x8e, 0x0c, 0x93, 0xbd, 0xc3, 0x95, 0xd7, 0xbc,
  0x7b, 0x3f, 0x8d, 0x3c, 0xfb, 0x25, 0x80, 0x3d, 0x63, 0x87, 0x8d, 0xbe,
  0x59, 0xd5, 0x11, 0xbf, 0x17, 0x36, 0x3f, 0xbd, 0x71, 0x01, 0x05, 0x3f,
  0x59, 0x96, 0x9c, 0xbd, 0x32, 0xa0, 0x6f, 0xbe, 0x7d, 0x5b, 0xcd, 0x3e,
  0x9a, 0x26, 0x57, 0x3d, 0xee, 0xbe, 0x8a, 0x3e, 0x34, 0x6b, 0xa2, 0x3e,
  0xeb, 0x2f, 0xad, 0x3e, 0x15, 0xcd, 0x9e, 0x3e, 0x6d, 0x41, 0x71, 0x3d,
  0x47, 0x62, 0x76, 0x3e, 0x5a, 0x10, 0x2c, 0x3d, 0x79, 0x0f, 0x94, 0xbe,
  0xb3, 0xb9, 0xd5, 0xbe, 0xc8, 0x41, 0x78, 0xbd, 0x86, 0xe9, 0x7b, 0xbe,
  0x8e, 0x16, 0x96, 0xbe, 0x5b, 0xa5, 0xa9, 0x3e, 0x23, 0x1c, 0x24, 0x3f,
  0x1f, 0x08, 0x9e, 0x3e, 0xd7, 0xb5, 0xb7, 0xbd, 0xb5, 0xa8, 0x8f, 0xbe,
  0x5c, 0x8a, 0x1d, 0x3f, 0x40, 0x84, 0x28, 0x3f, 0x8a, 0xa0, 0x86, 0xbe,
  0xb0, 0x4a, 0x96, 0x3e, 0x98, 0x2c, 0xe9, 0xbc, 0x8f, 0xbd, 0x52, 0xbe,
  0xfc, 0xd4, 0xb2, 0x3d, 0x12, 0xaf, 0x94, 0xbd, 0x32, 0x74, 0xb2, 0x3e,
  0x41, 0x2b, 0x3c, 0xbf, 0xb1, 0x4f, 0x3e, 0x3d, 0x0b, 0x09, 0x9c, 0x3e,
  0x6c, 0x8b, 0xca, 0x3d, 0xb2, 0xd5, 0xff, 0xff, 0x10, 0x00, 0x00, 0x00,
  0x0f, 0x00, 0x00, 0x00, 0x1c, 0x00, 0x00, 0x00, 0x4c, 0x00, 0x00, 0x00,
  0x04, 0x00, 0x00, 0x00, 0x20, 0x00, 0x00, 0x00, 0x01, 0x00, 0x00, 0x00,
  0x01, 0x00, 0x00, 0x00, 0x10, 0x00, 0x00, 0x00, 0x2e, 0x00, 0x00, 0x00,
  0x73, 0x65, 0x71, 0x75, 0x65, 0x6e, 0x74, 0x69, 0x61, 0x6c, 0x2f, 0x73,
  0x65, 0x70, 0x61, 0x72, 0x61, 0x62, 0x6c, 0x65, 0x5f, 0x63, 0x6f, 0x6e,
  0x76, 0x32, 0x64, 0x5f, 0x31, 0x2f, 0x73, 0x65, 0x70, 0x61, 0x72, 0x61,
  0x62, 0x6c, 0x65, 0x5f, 0x63, 0x6f, 0x6e, 0x76, 0x32, 0x64, 0x00, 0x00,
  0x44, 0xd5, 0xff, 0xff, 0xa6, 0xd6, 0xff, 0xff, 0x04, 0x00, 0x00, 0x00,
  0xc0, 0x00, 0x00, 0x00, 0xa8, 0x42, 0x84, 0x3e, 0x5a, 0xb5, 0x61, 0xbc,
  0x69, 0x32, 0x55, 0xbe, 0x32, 0xbb, 0xf1, 0x3e, 0x2d, 0x4e, 0x09, 0x3f,
  0xbf, 0xe6, 0x32, 0x3e, 0xed, 0xc1, 0x23, 0x3e, 0xe9, 0x29, 0xc3, 0xbe,
  0xf3, 0xb9, 0x01, 0xbe, 0xcf, 0x5d, 0xe2, 0xbe, 0x9a, 0x46, 0x8a, 0xbe,
  0xf1, 0xcb, 0x8f, 0x3e, 0xe1, 0xf2, 0xa3, 0xbe, 0x19, 0xbe, 0x13, 0xbe,
  0x77, 0x42, 0x3d, 0x3f, 0x5b, 0x7a, 0xfd, 0x3e, 0x46, 0x6a, 0x13, 0xbf,
  0x91, 0x88, 0x9c, 0x3c, 0x9a, 0x27, 0xb6, 0xbe, 0x69, 0x18, 0x62, 0xbe,
  0x1d, 0x3e, 0x68, 0xbe, 0xcf, 0x07, 0x9a, 0x3e, 0x10, 0x74, 0x83, 0x3e,
  0xea, 0x4f, 0xbb, 0xbe, 0x17, 0x7a, 0x30, 0xbe, 0xf8, 0xb3, 0x9c, 0x3b,
  0x63, 0x7b, 0xbc, 0xbe, 0xb6, 0xea, 0xb3, 0xbe, 0xd9, 0x96, 0xf8, 0x3e,
  0x17, 0x39, 0xd5, 0x3e, 0x72, 0xa5, 0xe8, 0xbd, 0xb9, 0x82, 0xe2, 0xbe,
  0x51, 0x15, 0x72, 0xbe, 0xb4, 0x8c, 0x94, 0x3e, 0x65, 0xf1, 0xf3, 0xbe,
  0xa6, 0xb7, 0xc7, 0x3e, 0x0f, 0x4f, 0x2d, 0xbe, 0xa4, 0xc0, 0x7d, 0x3e,
  0x32, 0xd7, 0xd3, 0x3e, 0xfb, 0xbb, 0x0a, 0x3e, 0xfd, 0xfe, 0x42, 0x3e,
  0x2c, 0x4e, 0xeb, 0xbe, 0xb8, 0x44, 0xa9, 0x3a, 0x94, 0x58, 0x95, 0x3e,
  0xda, 0xae, 0x30, 0x3e, 0xa4, 0x6c, 0xe2, 0x3e, 0x88, 0x28, 0x9e, 0xbe,
  0xfe, 0xe2, 0x5a, 0x3e, 0xde, 0xd6, 0xff, 0xff, 0x10, 0x00, 0x00, 0x00,
  0x0e, 0x00, 0x00, 0x00, 0x1c, 0x00, 0x00, 0x00, 0x58, 0x00, 0x00, 0x00,
  0x04, 0x00, 0x00, 0x00, 0x01, 0x00, 0x00, 0x00, 0x03, 0x00, 0x00, 0x00,
  0x01, 0x00, 0x00, 0x00, 0x10, 0x00, 0x00, 0x00, 0x39, 0x00, 0x00, 0x00,
  0x73, 0x65, 0x71, 0x75, 0x65, 0x6e, 0x74, 0x69, 0x61, 0x6c, 0x2f, 0x73,
  0x65, 0x70, 0x61, 0x72, 0x61, 0x62, 0x6c, 0x65, 0x5f, 0x63, 0x6f, 0x6e,
  0x76, 0x32, 0x64, 0x5f, 0x31, 0x2f, 0x73, 0x65, 0x70, 0x61, 0x72, 0x61,
  0x62, 0x6c, 0x65, 0x5f, 0x63, 0x6f, 0x6e, 0x76, 0x32, 0x64, 0x2f, 0x64,
  0x65, 0x70, 0x74, 0x68, 0x77, 0x69, 0x73, 0x65, 0x31, 0x00, 0x00, 0x00,
  0x7c, 0xd6, 0xff, 0xff, 0xde, 0xd7, 0xff, 0xff, 0x04, 0x00, 0x00, 0x00,
  0x40, 0x00, 0x00, 0x00, 0x00, 0x00, 0x00, 0x00, 0x00, 0x00, 0x00, 0x00,
  0x00, 0x00, 0x00, 0x00, 0x00, 0x00, 0x00, 0x00, 0x00, 0x00, 0x00, 0x00,
  0x00, 0x00, 0x00, 0x00, 0x00, 0x00, 0x00, 0x00, 0x00, 0x00, 0x00, 0x00,
  0x00, 0x00, 0x00, 0x00, 0x00, 0x00, 0x00, 0x00, 0x00, 0x00, 0x00, 0x00,
  0x00, 0x00, 0x00, 0x00, 0x00, 0x00, 0x00, 0x00, 0x00, 0x00, 0x00, 0x00,
  0x00, 0x00, 0x00, 0x00, 0x00, 0x00, 0x00, 0x00, 0x96, 0xd7, 0xff, 0xff,
  0x10, 0x00, 0x00, 0x00, 0x0d, 0x00, 0x00, 0x00, 0x10, 0x00, 0x00, 0x00,
  0x4c, 0x00, 0x00, 0x00, 0x01, 0x00, 0x00, 0x00, 0x10, 0x00, 0x00, 0x00,
  0x38, 0x00, 0x00, 0x00, 0x73, 0x65, 0x71, 0x75, 0x65, 0x6e, 0x74, 0x69,
  0x61, 0x6c, 0x2f, 0x73, 0x65, 0x70, 0x61, 0x72, 0x61, 0x62, 0x6c, 0x65,
  0x5f, 0x63, 0x6f, 0x6e, 0x76, 0x32, 0x64, 0x5f, 0x31, 0x2f, 0x73, 0x65,
  0x70, 0x61, 0x72, 0x61, 0x62, 0x6c, 0x65, 0x5f, 0x63, 0x6f, 0x6e, 0x76,
  0x32, 0x64, 0x2f, 0x64, 0x65, 0x70, 0x74, 0x68, 0x77, 0x69, 0x73, 0x65,
  0x00, 0x00, 0x00, 0x00, 0x28, 0xd7, 0xff, 0xff, 0x8a, 0xd8, 0xff, 0xff,
  0x04, 0x00, 0x00, 0x00, 0x40, 0x00, 0x00, 0x00, 0xef, 0x05, 0x5c, 0x3f,
  0xec, 0xfb, 0x43, 0x3b, 0x59, 0xaa, 0x12, 0x3f, 0x14, 0x99, 0x24, 0x3f,
  0x83, 0xe8, 0x85, 0xbf, 0x78, 0x66, 0x8b, 0x3c, 0xbe, 0x72, 0x00, 0x3f,
  0x44, 0x21, 0xcc, 0x3e, 0x8c, 0xa8, 0x38, 0x3c, 0x3a, 0x3a, 0x47, 0xbf,
  0x7a, 0xd0, 0x01, 0xbf, 0xed, 0x38, 0x28, 0x3f, 0xe3, 0x74, 0x00, 0xbf,
  0x09, 0x91, 0xfc, 0x3e, 0xa3, 0xf0, 0x4a, 0x3f, 0x22, 0x02, 0x20, 0xbf,
  0x42, 0xd8, 0xff, 0xff, 0x10, 0x00, 0x00, 0x00, 0x0c, 0x00, 0x00, 0x00,
  0x1c, 0x00, 0x00, 0x00, 0x4c, 0x00, 0x00, 0x00, 0x04, 0x00, 0x00, 0x00,
  0x10, 0x00, 0x00, 0x00, 0x01, 0x00, 0x00, 0x00, 0x01, 0x00, 0x00, 0x00,
  0x01, 0x00, 0x00, 0x00, 0x2c, 0x00, 0x00, 0x00, 0x73, 0x65, 0x71, 0x75,
  0x65, 0x6e, 0x74, 0x69, 0x61, 0x6c, 0x2f, 0x73, 0x65, 0x70, 0x61, 0x72,
  0x61, 0x62, 0x6c, 0x65, 0x5f, 0x63, 0x6f, 0x6e, 0x76, 0x32, 0x64, 0x2f,
  0x73, 0x65, 0x70, 0x61, 0x72, 0x61, 0x62, 0x6c, 0x65, 0x5f, 0x63, 0x6f,
  0x6e, 0x76, 0x32, 0x64, 0x00, 0x00, 0x00, 0x00, 0xd4, 0xd7, 0xff, 0xff,
  0x36, 0xd9, 0xff, 0xff, 0x04, 0x00, 0x00, 0x00, 0x48, 0x00, 0x00, 0x00,
  0xc6, 0xdc, 0x15, 0x3e, 0xe1, 0xab, 0xbd, 0x3e, 0x27, 0xa1, 0x95, 0x3e,
  0x08, 0x41, 0xba, 0xbe, 0x3a, 0x77, 0xb3, 0x3e, 0x0a, 0xcf, 0x0f, 0x3d,
  0x8d, 0x9c, 0x42, 0xbe, 0x98, 0xa5, 0x95, 0xbe, 0xc4, 0xa2, 0x9a, 0xbe,
  0x75, 0xd0, 0xa0, 0xbe, 0x3c, 0x3b, 0xd4, 0xbe, 0xa5, 0xea, 0xa8, 0x3d,
  0x3a, 0xfa, 0x66, 0x3e, 0xe2, 0x30, 0xa1, 0x3d, 0xa1, 0xa2, 0x61, 0x3d,
  0x23, 0x3d, 0x93, 0x3e, 0xa1, 0x03, 0xc5, 0xbe, 0xb4, 0x7e, 0x90, 0x3d,
  0xf6, 0xd8, 0xff, 0xff, 0x10, 0x00, 0x00, 0x00, 0x0b, 0x00, 0x00, 0x00,
  0x1c, 0x00, 0x00, 0x00, 0x54, 0x00, 0x00, 0x00, 0x04, 0x00, 0x00, 0x00,
  0x01, 0x00, 0x00, 0x00, 0x03, 0x00, 0x00, 0x00, 0x06, 0x00, 0x00, 0x00,
  0x01, 0x00, 0x00, 0x00, 0x37, 0x00, 0x00, 0x00, 0x73, 0x65, 0x71, 0x75,
  0x65, 0x6e, 0x74, 0x69, 0x61, 0x6c, 0x2f, 0x73, 0x65, 0x70, 0x61, 0x72,
  0x61, 0x62, 0x6c, 0x65, 0x5f, 0x63, 0x6f, 0x6e, 0x76, 0x32, 0x64, 0x2f,
  0x73, 0x65, 0x70, 0x61, 0x72, 0x61, 0x62, 0x6c, 0x65, 0x5f, 0x63, 0x6f,
  0x6e, 0x76, 0x32, 0x64, 0x2f, 0x64, 0x65, 0x70, 0x74, 0x68, 0x77, 0x69,
  0x73, 0x65, 0x31, 0x00, 0x90, 0xd8, 0xff, 0xff, 0xf2, 0xd9, 0xff, 0xff,
  0x04, 0x00, 0x00, 0x00, 0x04, 0x00, 0x00, 0x00, 0x00, 0x00, 0x00, 0x00,
  0x6e, 0xd9, 0xff, 0xff, 0x10, 0x00, 0x00, 0x00, 0x0a, 0x00, 0x00, 0x00,
  0x10, 0x00, 0x00, 0x00, 0x48, 0x00, 0x00, 0x00, 0x01, 0x00, 0x00, 0x00,
  0x01, 0x00, 0x00, 0x00, 0x36, 0x00, 0x00, 0x00, 0x73, 0x65, 0x71, 0x75,
  0x65, 0x6e, 0x74, 0x69, 0x61, 0x6c, 0x2f, 0x73, 0x65, 0x70, 0x61, 0x72,
  0x61, 0x62, 0x6c, 0x65, 0x5f, 0x63, 0x6f, 0x6e, 0x76, 0x32, 0x64, 0x2f,
  0x73, 0x65, 0x70, 0x61, 0x72, 0x61, 0x62, 0x6c, 0x65, 0x5f, 0x63, 0x6f,
  0x6e, 0x76, 0x32, 0x64, 0x2f, 0x64, 0x65, 0x70, 0x74, 0x68, 0x77, 0x69,
  0x73, 0x65, 0x00, 0x00, 0xfc, 0xd8, 0xff, 0xff, 0x5e, 0xda, 0xff, 0xff,
  0x04, 0x00, 0x00, 0x00, 0x00, 0x01, 0x00, 0x00, 0x9e, 0xdd, 0xc2, 0xbe,
  0x55, 0x58, 0x0e, 0xbd, 0xda, 0x85, 0xf3, 0x3e, 0x97, 0x21, 0x00, 0xbf,
  0x8b, 0xcf, 0x9e, 0xbe, 0x36, 0xe5, 0x9f, 0xbe, 0xd6, 0x8b, 0xc3, 0xbd,
  0x51, 0x13, 0xdf, 0xbe, 0xab, 0x28, 0x6d, 0xbe, 0x9f, 0xab, 0x8f, 0xbe,
  0xe5, 0x0d, 0xae, 0x3e, 0x54, 0xbb, 0xda, 0xbe, 0xcc, 0x01, 0x0e, 0x3f,
  0x73, 0x1e, 0x25, 0x3e, 0x1d, 0x62, 0xf4, 0xbe, 0x43, 0x79, 0x2b, 0x3d,
  0x6b, 0xdb, 0xd2, 0xbe, 0x2a, 0x56, 0x04, 0x3f, 0xd4, 0x48, 0x08, 0x3f,
  0x11, 0x16, 0x68, 0x3e, 0xfc, 0xb3, 0xb7, 0xba, 0xe4, 0x62, 0x4e, 0xbe,
  0x3c, 0x8f, 0xaa, 0x3d, 0x3c, 0x3e, 0xc6, 0xbe, 0x36, 0xb9, 0xc1, 0xbd,
  0xf2, 0x4a, 0xb2, 0xbe, 0x83, 0x7a, 0xcb, 0xbe, 0x1b, 0x47, 0x37, 0x3c,
  0x44, 0x2a, 0x5d, 0x3d, 0xdd, 0x18, 0x09, 0x3f, 0xe1, 0x52, 0x00, 0x3e,
  0x4c, 0xe4, 0x05, 0xbf, 0x59, 0x7b, 0xce, 0x3e, 0x5b, 0xda, 0xdc, 0xbd,
  0x84, 0xd4, 0x00, 0xbf, 0x03, 0x43, 0x07, 0x3f, 0x37, 0x60, 0xa2, 0xbe,
  0xc6, 0x47, 0x23, 0x3e, 0xb1, 0x38, 0x88, 0xbe, 0x1b, 0x7a, 0x83, 0x3e,
  0x5a, 0xf2, 0x16, 0xbe, 0x40, 0x9a, 0x3c, 0x3e, 0x2f, 0x2c, 0x31, 0x3e,
  0xa7, 0xa9, 0xad, 0x3e, 0x84, 0xd2, 0xd7, 0x3d, 0x6b, 0x6f, 0x50, 0x3c,
  0x81, 0xb9, 0xac, 0x3e, 0xc2, 0x82, 0x13, 0xbc, 0xe3, 0x9a, 0xcc, 0xbe,
  0x90, 0x20, 0xe5, 0xbe, 0x73, 0xd0, 0xb8, 0xbe, 0x70, 0xf7, 0xce, 0xbe,
  0x33, 0x67, 0xbb, 0xbe, 0x99, 0xb4, 0xb8, 0xbd, 0x44, 0x0f, 0x65, 0xbe,
  0x40, 0xbc, 0x3c, 0xbe, 0xc7, 0x33, 0x0a, 0xbf, 0x71, 0x1c, 0xaf, 0x3e,
  0xd1, 0x77, 0x01, 0x3f, 0x26, 0x8d, 0x11, 0x3f, 0xc2, 0xd7, 0xde, 0xbe,
  0x8c, 0x70, 0x1e, 0xbf, 0xab, 0xc0, 0xeb, 0xbd, 0x0c, 0x67, 0xa2, 0x3e,
  0xd6, 0xda, 0xff, 0xff, 0x10, 0x00, 0x00, 0x00, 0x09, 0x00, 0x00, 0x00,
  0x14, 0x00, 0x00, 0x00, 0x30, 0x00, 0x00, 0x00, 0x02, 0x00, 0x00, 0x00,
  0x02, 0x00, 0x00, 0x00, 0x20, 0x00, 0x00, 0x00, 0x19, 0x00, 0x00, 0x00,
  0x73, 0x65, 0x71, 0x75, 0x65, 0x6e, 0x74, 0x69, 0x61, 0x6c, 0x2f, 0x64,
  0x65, 0x6e, 0x73, 0x65, 0x5f, 0x31, 0x2f, 0x4d, 0x61, 0x74, 0x4d, 0x75,
  0x6c, 0x00, 0x00, 0x00, 0x4c, 0xda, 0xff, 0xff, 0xae, 0xdb, 0xff, 0xff,
  0x04, 0x00, 0x00, 0x00, 0x00, 0x20, 0x00, 0x00, 0x80, 0xfb, 0x05, 0x3c,
  0x3c, 0x52, 0xc8, 0x3d, 0x32, 0x03, 0x81, 0x3d, 0x48, 0x2c, 0xf0, 0x3d,
  0x48, 0xf0, 0xb6, 0xbd, 0xa9, 0x0b, 0x22, 0xbe, 0xf8, 0xd9, 0x5b, 0x3e,
  0xc7, 0x9a, 0x7e, 0xbd, 0x75, 0x1e, 0x4f, 0x3e, 0xa0, 0x9f, 0x70, 0x3e,
  0x40, 0x27, 0xff, 0xbc, 0xcf, 0xe6, 0x84, 0x3d, 0x8d, 0xa9, 0x5f, 0x3e,
  0x21, 0x46, 0x7e, 0xbe, 0xb0, 0x7d, 0x07, 0xbd, 0xaf, 0x41, 0x26, 0x3e,
  0x04, 0xf4, 0x11, 0xbe, 0x61, 0xba, 0x85, 0x3d, 0x80, 0xcb, 0x32, 0x3e,
  0xcb, 0xae, 0x55, 0x3e, 0x80, 0x2d, 0x7f, 0xbe, 0xee, 0x09, 0x11, 0xbe,
  0xc8, 0x85, 0xa3, 0xbd, 0x00, 0xbc, 0x43, 0x3a, 0xed, 0xfd, 0x30, 0xbe,
  0x58, 0x2b, 0x9c, 0xbd, 0x2f, 0x3c, 0xeb, 0x3c, 0xc5, 0x73, 0xef, 0x3d,
  0xa9, 0xa3, 0x19, 0xbd, 0xbf, 0x1d, 0x81, 0xbe, 0x38, 0xfb, 0xa0, 0x3d,
  0x00, 0x39, 0x56, 0x3c, 0x60, 0xb6, 0x50, 0xbe, 0x7a, 0x26, 0x38, 0x3e,
  0x97, 0x96, 0x47, 0x3e, 0x92, 0xe7, 0x5a, 0x3e, 0xd4, 0x7d, 0x5e, 0xbd,
  0x6b, 0x52, 0x2c, 0x3e, 0x50, 0x88, 0x1b, 0x3e, 0x90, 0x7f, 0xd2, 0xbd,
  0x02, 0xcc, 0x0c, 0xbc, 0x4c, 0x73, 0x67, 0xbe, 0x42, 0xd1, 0x65, 0xbe,
  0x03, 0xfb, 0x39, 0x3e, 0x78, 0x25, 0x2c, 0x3d, 0x8e, 0x57, 0xc2, 0x3d,
  0xc1, 0xaf, 0x03, 0xbe, 0xe0, 0x4c, 0x04, 0xbd, 0xe2, 0x38, 0x10, 0x3e,
  0xde, 0xf7, 0x57, 0xbd, 0x88, 0xf6, 0xd2, 0xbd, 0x8c, 0xc4, 0x1e, 0xbe,
  0xbd, 0x73, 0xbc, 0x3d, 0xf4, 0x10, 0x04, 0xbe, 0xd3, 0xaa, 0x5d, 0xbe,
  0xe0, 0x89, 0xc8, 0xbc, 0x00, 0x53, 0x63, 0xbd, 0x20, 0xe5, 0xf9, 0xbc,
  0xfe, 0x6a, 0xd0, 0xbd, 0x73, 0xec, 0xad, 0xbd, 0x28, 0x19, 0x1d, 0x3d,
  0x60, 0x1d, 0xfb, 0x3c, 0x4c, 0x1c, 0x27, 0xbe, 0xac, 0xa5, 0xb2, 0x3d,
  0xa7, 0x0a, 0xfd, 0xbd, 0x11, 0xd9, 0xea, 0x3d, 0x38, 0x4d, 0x47, 0xbe,
  0x3d, 0xcf, 0x59, 0x3d, 0xd7, 0x35, 0x4c, 0x3e, 0x2b, 0x17, 0x7e, 0xbe,
  0x1e, 0xd9, 0xa2, 0xbd, 0xc8, 0x64, 0x6a, 0xbb, 0x39, 0xf3, 0x2b, 0x3e,
  0x7f, 0x32, 0x28, 0xbd, 0x3c, 0x49, 0x0c, 0xbe, 0x62, 0x32, 0x54, 0xbe,
  0x6b, 0x74, 0x68, 0xbe, 0xcc, 0xfd, 0x00, 0xba, 0x48, 0x19, 0x0a, 0x3e,
  0x78, 0x3b, 0x95, 0xbd, 0x88, 0x99, 0x88, 0x3d, 0x46, 0x0f, 0xbf, 0x3d,
  0xef, 0x10, 0xb2, 0xbd, 0x40, 0xd9, 0xb0, 0x3c, 0x89, 0x06, 0x1b, 0x3e,
  0xa2, 0xde, 0xe6, 0x3d, 0x78, 0xd4, 0x19, 0x3e, 0x20, 0xc9, 0x20, 0x3d,
  0x00, 0x67, 0xfe, 0x3d, 0xd3, 0x93, 0x81, 0x3d, 0x6b, 0xda, 0x6d, 0xbe,
  0x9c, 0x08, 0x3e, 0x3d, 0xef, 0x59, 0x88, 0x3c, 0xac, 0x24, 0xeb, 0xbd,
  0xfc, 0xd5, 0x08, 0xbe, 0x0d, 0xf1, 0x02, 0xbe, 0xb0, 0xef, 0x87, 0x3d,
  0xa0, 0xef, 0xdc, 0x3d, 0xc3, 0xc0, 0xe2, 0xbd, 0x19, 0x97, 0x7c, 0xbd,
  0x80, 0xc1, 0x7a, 0xbe, 0xb7, 0x3f, 0x50, 0xbe, 0xf0, 0x91, 0x1d, 0x3e,
  0xc9, 0xf2, 0x93, 0x3d, 0x5b, 0xd1, 0x40, 0x3d, 0x7c, 0x92, 0xa2, 0x3d,
  0x8b, 0xea, 0xad, 0xbd, 0x1e, 0xc2, 0xc5, 0xbd, 0xde, 0x62, 0x0c, 0xbd,
  0x58, 0xc7, 0x28, 0x3e, 0x93, 0x8b, 0xfc, 0xbd, 0xb8, 0x67, 0x91, 0x3d,
  0xdf, 0x61, 0x4b, 0x3e, 0x82, 0xfa, 0x04, 0xbe, 0x0c, 0x0f, 0x15, 0x3e,
  0xb2, 0x56, 0x03, 0x3d, 0x43, 0x29, 0xa4, 0xbc, 0x30, 0x94, 0xa6, 0x3c,
  0xc9, 0x7e, 0x16, 0xbe, 0x00, 0xe3, 0xe4, 0xbb, 0xe1, 0x27, 0x1b, 0x3e,
  0xcc, 0x63, 0x76, 0x3e, 0x7d, 0xa0, 0x3f, 0xbe, 0x60, 0x8c, 0xce, 0xbc,
  0x27, 0xc0, 0x2e, 0x3e, 0xa5, 0x12, 0x27, 0x3e, 0x98, 0xf2, 0xd1, 0xbd,
  0x89, 0x47, 0x55, 0xbe, 0x0e, 0x89, 0xd4, 0x3e, 0x56, 0x12, 0xe2, 0x3e,
  0x8f, 0xd9, 0xdc, 0x3e, 0x0c, 0xed, 0xdb, 0x3d, 0x79, 0x14, 0xb5, 0x3d,
  0xc0, 0x4d, 0x96, 0x3d, 0x98, 0xeb, 0xa0, 0x3e, 0xea, 0x4a, 0x2d, 0xbe,
  0x3a, 0x23, 0xf8, 0xbd, 0xf4, 0xc2, 0x60, 0x3e, 0xfb, 0xcc, 0xc6, 0x3e,
  0x4a, 0x82, 0x5e, 0x3e, 0xae, 0xc2, 0x13, 0x3e, 0xb6, 0x11, 0x80, 0x3d,
  0x2e, 0xda, 0x21, 0x3e, 0x29, 0xab, 0x93, 0x3e, 0xa0, 0xae, 0x1d, 0xbe,
  0x8d, 0x06, 0x57, 0x3e, 0x22, 0x53, 0x98, 0x3e, 0x6d, 0x06, 0x44, 0xbd,
  0x0d, 0x68, 0x99, 0x3e, 0x2c, 0x22, 0x36, 0xbb, 0x55, 0x27, 0x43, 0x3e,
  0xd7, 0x4d, 0xd1, 0x3e, 0x60, 0x43, 0x3c, 0xbe, 0x75, 0x40, 0xc6, 0x3e,
  0x1a, 0x90, 0x32, 0x3e, 0xcb, 0x46, 0xb6, 0x3e, 0x59, 0x4c, 0xf7, 0x3d,
  0x29, 0x93, 0xfe, 0x3e, 0x5d, 0xc3, 0xdf, 0xbd, 0x92, 0x59, 0xe3, 0x3e,
  0xa9, 0xc7, 0x2c, 0x3f, 0x24, 0xfc, 0x96, 0xbd, 0x6f, 0x97, 0x40, 0x3e,
  0xbd, 0xaa, 0x72, 0x3d, 0xd6, 0x24, 0xd6, 0xbd, 0x23, 0x4c, 0xbc, 0x3e,
  0x78, 0x89, 0x61, 0x3e, 0x4b, 0x28, 0xda, 0x3d, 0xf6, 0xc9, 0xbb, 0x3e,
  0xed, 0x6c, 0xd7, 0x3e, 0xb1, 0x2e, 0x57, 0x3e, 0x76, 0x67, 0x31, 0x3e,
  0x03, 0x29, 0xa2, 0x3d, 0x31, 0xee, 0x02, 0x3e, 0xe0, 0xf7, 0xe0, 0x3d,
  0x79, 0x90, 0xf4, 0x3d, 0x66, 0xac, 0x7b, 0xbe, 0x07, 0x4b, 0x3b, 0xbe,
  0x56, 0x14, 0x93, 0x3e, 0x63, 0x3e, 0x84, 0x3e, 0xa9, 0xd7, 0xf3, 0x3e,
  0x17, 0xd6, 0xaf, 0x3d, 0x87, 0x60, 0x6e, 0x3e, 0xbb, 0xd2, 0xeb, 0xbd,
  0x37, 0x67, 0xc2, 0x3e, 0x57, 0x8a, 0x41, 0x3e, 0x60, 0xb3, 0xbd, 0x3e,
  0xc4, 0x47, 0x6b, 0xbe, 0x24, 0x96, 0x13, 0xbc, 0x59, 0x34, 0xcc, 0x3e,
  0x67, 0x2e, 0xd9, 0xbd, 0x8c, 0x0e, 0x6b, 0x3e, 0xf4, 0x6c, 0x26, 0xbd,
  0x1a, 0x5a, 0xd1, 0xbd, 0xf5, 0x18, 0xda, 0x3d, 0x1f, 0x01, 0x06, 0xbe,
  0xf0, 0x8d, 0xd3, 0xbc, 0x06, 0x51, 0xaa, 0x3e, 0x0a, 0xee, 0xa8, 0xbe,
  0xa5, 0x08, 0xac, 0x3e, 0x8b, 0x84, 0x4f, 0x3e, 0x84, 0x26, 0xb1, 0xbd,
  0x39, 0x0e, 0x73, 0xbe, 0x6f, 0x42, 0x56, 0xbe, 0x98, 0xd0, 0x51, 0xbe,
  0x19, 0xdf, 0xab, 0x3c, 0xd0, 0x92, 0x75, 0x3d, 0x89, 0xc7, 0xa4, 0x3b,
  0x40, 0x2a, 0x1c, 0x3c, 0x8e, 0x5c, 0x41, 0xbe, 0x5a, 0x96, 0x32, 0xbd,
  0xb5, 0x5d, 0x00, 0x3d, 0xde, 0x87, 0x95, 0xbe, 0x9c, 0x4a, 0x08, 0xbe,
  0x1c, 0xc0, 0xf3, 0xbe, 0x28, 0xc0, 0x86, 0xbe, 0x77, 0xd2, 0x82, 0xbe,
  0xcc, 0x21, 0xe5, 0xbc, 0x32, 0xb6, 0xa8, 0xbe, 0x13, 0xea, 0xe8, 0x3d,
  0x63, 0xdf, 0x1b, 0xbe, 0x47, 0x9d, 0x43, 0xbe, 0x4f, 0x46, 0x3e, 0xbc,
  0x0b, 0x61, 0x59, 0xbe, 0xb4, 0xb0, 0x0e, 0xbf, 0xbd, 0x46, 0x86, 0xbd,
  0x71, 0x2f, 0x41, 0xbe, 0xcb, 0x79, 0xdc, 0xbd, 0x1b, 0xd3, 0x95, 0xbc,
  0xbf, 0x7c, 0x0a, 0x3e, 0xa9, 0x3c, 0xba, 0x3d, 0x94, 0xcd, 0x84, 0x3d,
  0x94, 0xfd, 0xcd, 0xbe, 0x8c, 0x78, 0x1c, 0x3e, 0x0c, 0x54, 0x20, 0x3e,
  0x60, 0x37, 0x2f, 0x3e, 0x26, 0x39, 0x3a, 0xbe, 0x0e, 0x4f, 0xed, 0x3d,
  0xc1, 0xb5, 0x9f, 0x3e, 0xa5, 0x89, 0x2b, 0x3e, 0x93, 0xe5, 0x61, 0x3e,
  0xc5, 0x28, 0x4e, 0x3e, 0xa7, 0x45, 0x19, 0xbe, 0xba, 0xf1, 0x23, 0x3d,
  0xd6, 0x01, 0xe3, 0xbd, 0x32, 0x6d, 0xd0, 0xbe, 0x4c, 0xc5, 0x92, 0xbe,
  0x8b, 0xcb, 0xb3, 0x3d, 0x2f, 0x5d, 0x30, 0xbe, 0xeb, 0x72, 0x60, 0xbe,
  0xfc, 0xe8, 0x91, 0xbe, 0xba, 0x24, 0xc6, 0xbd, 0xf5, 0x15, 0x92, 0xbd,
  0x59, 0x53, 0x78, 0x3d, 0xcb, 0x67, 0x88, 0xbd, 0x2a, 0x28, 0x74, 0xbe,
  0x39, 0x0f, 0x90, 0x3d, 0x5d, 0x36, 0x28, 0xbe, 0x94, 0xb5, 0x5c, 0x3e,
  0x54, 0x36, 0x5a, 0x3e, 0xd6, 0xbf, 0xa5, 0x3d, 0x72, 0xab, 0x91, 0x3c,
  0xc0, 0xe7, 0x96, 0xbd, 0xdb, 0xe2, 0x5a, 0xbe, 0x59, 0x3d, 0x22, 0xbd,
  0xec, 0x71, 0x87, 0xbd, 0xc0, 0xbe, 0x02, 0xbd, 0x38, 0xe9, 0x05, 0x3c,
  0x01, 0xb4, 0xcf, 0xbb, 0xc4, 0xfa, 0xfc, 0x3d, 0xb8, 0x7b, 0xa1, 0x3d,
  0x7a, 0xb3, 0x1a, 0xbe, 0x80, 0xea, 0x02, 0x3e, 0xfe, 0xe4, 0xe9, 0x3d,
  0x2e, 0x9d, 0x47, 0x3d, 0xa0, 0xe3, 0xf9, 0xbc, 0x6d, 0x4a, 0x5e, 0x3e,
  0x2d, 0x4b, 0x53, 0xbe, 0x80, 0x84, 0x52, 0xbd, 0x4b, 0x8f, 0x4c, 0xbd,
  0x90, 0x60, 0xf6, 0xbd, 0x44, 0x57, 0x96, 0xbd, 0xab, 0x77, 0x27, 0x3d,
  0x88, 0x32, 0x3c, 0xbe, 0xac, 0xaf, 0xfb, 0x3d, 0x01, 0x35, 0xa8, 0x3c,
  0xbc, 0xae, 0x76, 0xbe, 0xb6, 0x60, 0x48, 0x3e, 0x3c, 0xbd, 0x03, 0x3e,
  0xd0, 0x09, 0x98, 0xbd, 0x58, 0x28, 0x1c, 0xbe, 0x28, 0xb5, 0x82, 0x3d,
  0xc6, 0xe9, 0x8c, 0x3d, 0xb4, 0xb6, 0xf2, 0x3d, 0x90, 0x5a, 0x17, 0xbd,
  0x48, 0x3a, 0xcf, 0x3c, 0xd0, 0x38, 0x7c, 0xbe, 0xdc, 0x8a, 0xf3, 0x3c,
  0x98, 0xe4, 0xe5, 0xbd, 0x7a, 0x3f, 0x01, 0xbe, 0x67, 0xe6, 0x8a, 0xbe,
  0x7c, 0x00, 0xad, 0x3c, 0x31, 0xe2, 0x3f, 0xbd, 0x68, 0xce, 0xc3, 0xbd,
  0x5a, 0x8f, 0xd6, 0xbd, 0x1e, 0x90, 0x51, 0x3e, 0xef, 0x3b, 0x52, 0x3e,
  0x3d, 0xd4, 0x66, 0xbe, 0xb2, 0xd6, 0x8a, 0xbd, 0xf9, 0x1d, 0x45, 0x3c,
  0xc3, 0x24, 0x8c, 0x3d, 0x48, 0x0d, 0x6c, 0x3e, 0x56, 0x40, 0x2e, 0xbd,
  0xfb, 0x27, 0x56, 0x3e, 0x3b, 0x7e, 0x2f, 0xbe, 0x92, 0x58, 0x3c, 0x3a,
  0x6d, 0xd8, 0x43, 0x3d, 0x27, 0xbd, 0x31, 0x3e, 0x5e, 0xcb, 0xf8, 0x3b,
  0x31, 0xee, 0x5a, 0x3d, 0xa8, 0x84, 0xc6, 0x3d, 0x40, 0xa0, 0xe1, 0x3d,
  0x50, 0xd9, 0x50, 0x3d, 0x98, 0x3c, 0x2a, 0xbe, 0xa0, 0x5a, 0x66, 0xbd,
  0x00, 0x69, 0x4d, 0xbb, 0x30, 0x2f, 0x44, 0xbe, 0xb4, 0x2f, 0x07, 0xbe,
  0x10, 0x10, 0xa1, 0x3d, 0x90, 0x6b, 0xbd, 0x3d, 0x64, 0xcb, 0x35, 0xbe,
  0xc8, 0x61, 0x79, 0x3e, 0x80, 0x56, 0xd6, 0x3b, 0x88, 0x64, 0xd5, 0xbd,
  0xc0, 0xa5, 0x5b, 0x3c, 0x40, 0x85, 0x64, 0x3c, 0xe0, 0xb6, 0x14, 0x3e,
  0x20, 0x28, 0x2c, 0x3e, 0xa0, 0xd4, 0x4e, 0x3e, 0x20, 0xb3, 0x04, 0xbe,
  0x68, 0xc2, 0x2d, 0xbe, 0xb8, 0x60, 0xaf, 0x3d, 0x7c, 0xc9, 0x11, 0x3e,
  0x38, 0xb0, 0x0b, 0x3e, 0xa0, 0xcf, 0x72, 0xbe, 0x40, 0xac, 0x5e, 0xbe,
  0xa0, 0x28, 0xbf, 0xbc, 0x00, 0xcc, 0x4b, 0x3d, 0xe4, 0x77, 0x2c, 0xbe,
  0x80, 0xcf, 0xf1, 0xbd, 0x00, 0xd2, 0xac, 0xbc, 0x80, 0xa1, 0xb5, 0xbd,
  0xa8, 0xd5, 0xdc, 0xbd, 0x14, 0xdd, 0x0e, 0xbe, 0x8c, 0x63, 0x60, 0xbe,
  0xb8, 0x6c, 0xa9, 0x3d, 0x08, 0x25, 0xa7, 0x3d, 0x00, 0xca, 0x97, 0x3d,
  0x24, 0xac, 0x3e, 0xbe, 0xb4, 0x2a, 0x3d, 0xbe, 0x60, 0x8c, 0x8c, 0xbc,
  0xe0, 0xf5, 0x55, 0x3e, 0x00, 0x29, 0x16, 0xbd, 0xc0, 0x2a, 0x55, 0xbd,
  0x00, 0xbf, 0xab, 0x3d, 0xa8, 0x81, 0xaf, 0x3d, 0xe8, 0x24, 0xa6, 0x3d,
  0x68, 0x47, 0x15, 0xbe, 0x6c, 0x40, 0x36, 0xbe, 0xb0, 0x98, 0xa4, 0x3d,
  0xc0, 0x37, 0x5f, 0x3e, 0xc0, 0x5d, 0x27, 0xbd, 0xb0, 0xa7, 0x63, 0xbe,
  0xec, 0xd5, 0x0b, 0xbe, 0xf8, 0xac, 0x25, 0xbe, 0x34, 0x82, 0x77, 0x3e,
  0x60, 0xc5, 0xc3, 0xbc, 0x00, 0x9f, 0xa8, 0xbc, 0xf8, 0x87, 0x3f, 0xbe,
  0x90, 0x26, 0xe3, 0x3d, 0x30, 0x1a, 0x48, 0x3e, 0x3c, 0xf4, 0x17, 0x3e,
  0x20, 0xe2, 0x99, 0xbd, 0x04, 0x06, 0x79, 0xbe, 0x15, 0x6e, 0x37, 0x3e,
  0xc6, 0xb8, 0xa6, 0xbd, 0x8f, 0x33, 0x40, 0x3d, 0x87, 0x00, 0x20, 0x3b,
  0xce, 0x66, 0x8e, 0x3d, 0xb8, 0x52, 0xaf, 0xbc, 0x7d, 0xfa, 0x59, 0x3d,
  0xce, 0x9a, 0xd4, 0x3d, 0x11, 0x9d, 0x25, 0x3d, 0x49, 0x65, 0x22, 0xbe,
  0x9c, 0x19, 0x59, 0x3e, 0x48, 0xed, 0xed, 0xbd, 0xd6, 0x8c, 0xc1, 0xbd,
  0xb1, 0x20, 0x61, 0x3e, 0x28, 0xef, 0x56, 0x3e, 0xf7, 0xdc, 0xfd, 0xbc,
  0x08, 0xcf, 0x0b, 0x3e, 0x49, 0x7f, 0x52, 0xbe, 0xb5, 0x55, 0x04, 0x3e,
  0xdf, 0x39, 0x42, 0xbe, 0xf4, 0x7c, 0x22, 0x3e, 0x54, 0xae, 0xc6, 0x3d,
  0x60, 0x36, 0xbc, 0xbd, 0xdd, 0x94, 0x84, 0xbe, 0x42, 0x44, 0x48, 0xbe,
  0x9b, 0x3e, 0x0c, 0x3c, 0x7c, 0xbc, 0x5b, 0x3e, 0xda, 0xeb, 0x7d, 0x3e,
  0xcd, 0x51, 0x7a, 0xbe, 0x10, 0x01, 0xd6, 0x3d, 0xb0, 0xbe, 0x74, 0xbd,
  0xf8, 0x09, 0x2a, 0x3e, 0x90, 0x8e, 0x90, 0x3d, 0x78, 0xc7, 0x13, 0xbe,
  0xb5, 0x32, 0x22, 0xbe, 0x78, 0xed, 0x39, 0xbe, 0xb7, 0x75, 0x2a, 0x3d,
  0x41, 0x09, 0x19, 0xbe, 0x64, 0xc8, 0x15, 0xbe, 0xc7, 0x8d, 0x36, 0xbe,
  0xf3, 0xe5, 0xb7, 0xbd, 0x59, 0xd8, 0x54, 0xbe, 0x84, 0x5d, 0x8f, 0x3d,
  0x6d, 0x87, 0x8a, 0x3d, 0xb9, 0xbf, 0xda, 0x3d, 0x1b, 0x40, 0xbb, 0x3d,
  0x63, 0x89, 0x52, 0xbc, 0x02, 0x72, 0x98, 0x3d, 0x8c, 0xb0, 0x0a, 0x3e,
  0x1d, 0x17, 0x99, 0xbd, 0x77, 0x11, 0x82, 0xbe, 0x2d, 0x89, 0x42, 0xbe,
  0x64, 0x42, 0x38, 0xbd, 0x75, 0xb4, 0x01, 0x3d, 0xb3, 0x32, 0x5b, 0x3e,
  0x96, 0xa7, 0xb5, 0xbd, 0x74, 0x35, 0x4f, 0xbe, 0xc0, 0x11, 0x4d, 0xbe,
  0x44, 0xf0, 0x51, 0xbe, 0x9b, 0xcd, 0x1f, 0x3e, 0x34, 0x6e, 0x3b, 0x3e,
  0x09, 0xde, 0x8b, 0xbc, 0xf6, 0xe1, 0xc4, 0xbd, 0x39, 0xbc, 0x65, 0xbe,
  0x4e, 0xa5, 0x70, 0xbe, 0xa5, 0x0b, 0xc5, 0xbd, 0xfc, 0x9e, 0xa6, 0xbd,
  0x13, 0x53, 0xe0, 0x3d, 0xa8, 0x80, 0xc2, 0x3e, 0x44, 0x63, 0xb0, 0x3e,
  0x0d, 0x17, 0x37, 0x3d, 0x89, 0xe0, 0x33, 0x3d, 0xce, 0x71, 0x31, 0x3d,
  0x0d, 0xba, 0x9b, 0xbe, 0x33, 0x84, 0x0a, 0xbf, 0x80, 0x88, 0x1e, 0xbe,
  0x07, 0xd2, 0x1d, 0x3c, 0x39, 0x0b, 0x1d, 0xbe, 0x08, 0xd7, 0x2b, 0x3e,
  0x96, 0x96, 0x7f, 0x3d, 0xb8, 0x71, 0x87, 0x3d, 0x72, 0x3b, 0x33, 0xbe,
  0x5d, 0xc6, 0x02, 0xbe, 0xbe, 0xb9, 0xcf, 0x3d, 0x97, 0xe1, 0xd4, 0xbe,
  0x51, 0xc0, 0xfc, 0xbe, 0x5b, 0x85, 0x93, 0xbe, 0xcf, 0xdd, 0x51, 0xbe,
  0x1c, 0x53, 0xb2, 0x3d, 0x29, 0xeb, 0xba, 0x3d, 0x7e, 0xf7, 0x99, 0xbe,
  0xb6, 0x61, 0xa0, 0xbe, 0x00, 0x88, 0xab, 0xbd, 0xa3, 0x97, 0xe2, 0xbe,
  0x80, 0x07, 0x4b, 0x3d, 0x13, 0xdd, 0x31, 0xbe, 0x4b, 0xd9, 0x2b, 0xbf,
  0x2e, 0x4b, 0x3a, 0xbc, 0xd7, 0x65, 0x5a, 0xbe, 0xe8, 0x82, 0x03, 0xbf,
  0x8c, 0xea, 0x10, 0xbe, 0xd9, 0xf4, 0x5a, 0xbe, 0x46, 0x0f, 0xc2, 0xbd,
  0x87, 0xf3, 0x7b, 0xbd, 0xeb, 0x83, 0x75, 0xbe, 0x92, 0x35, 0x51, 0xbe,
  0x2b, 0x98, 0x7a, 0xbe, 0x90, 0xce, 0x6a, 0x3e, 0xe4, 0x53, 0x0f, 0x3d,
  0x23, 0xb6, 0x44, 0x3e, 0x7b, 0xa5, 0x95, 0x3e, 0xe9, 0x7e, 0x02, 0x3e,
  0x75, 0x9c, 0x33, 0x3e, 0xfa, 0xaf, 0xd9, 0x3e, 0x83, 0xa4, 0x3d, 0xbe,
  0x0c, 0x89, 0x9a, 0xbd, 0x98, 0x84, 0xae, 0x3d, 0x14, 0xdc, 0x59, 0xbe,
  0xbc, 0x14, 0x40, 0xbd, 0x8c, 0xa1, 0x6a, 0xbe, 0xd5, 0xc6, 0x8e, 0xbe,
  0xb5, 0x7e, 0x3d, 0xbe, 0xcb, 0x30, 0x57, 0xbe, 0x08, 0xca, 0xbb, 0x3d,
  0x0b, 0x27, 0x2c, 0xbc, 0x99, 0xe4, 0x3d, 0xbe, 0x9d, 0xac, 0x2a, 0xbd,
  0xda, 0xf4, 0xe8, 0x3d, 0x0a, 0xec, 0x34, 0x3e, 0xcb, 0xe1, 0xbc, 0x3c,
  0x1c, 0x1f, 0xd0, 0x3c, 0x08, 0x3f, 0xe3, 0x3d, 0x4b, 0xbb, 0x80, 0xbe,
  0xe7, 0xec, 0x2f, 0x3e, 0xce, 0xa5, 0x24, 0x3e, 0xef, 0x72, 0xf6, 0xbd,
  0x4b, 0x53, 0xe4, 0x3b, 0x17, 0xcc, 0x61, 0xbe, 0xb8, 0x69, 0x01, 0xbe,
  0x94, 0xc3, 0x86, 0xbe, 0xdc, 0x8c, 0x98, 0xbd, 0x76, 0xac, 0xdb, 0x3d,
  0xa0, 0x31, 0xe0, 0xbd, 0x81, 0xe9, 0xa9, 0xbd, 0xd4, 0x20, 0x77, 0x3e,
  0x97, 0xc0, 0xfa, 0xbd, 0x56, 0x45, 0x50, 0x3e, 0x64, 0xe3, 0x47, 0xbe,
  0x6a, 0xf1, 0x17, 0xbe, 0x43, 0xa9, 0x87, 0xbe, 0x50, 0x7c, 0xe5, 0x3d,
  0x5e, 0x2d, 0xba, 0xbb, 0xa8, 0x91, 0x94, 0xbd, 0x1d, 0x8e, 0xdc, 0x3c,
  0xc2, 0xa8, 0x32, 0x3e, 0x18, 0xcd, 0x71, 0xbd, 0x84, 0x44, 0x12, 0xbe,
  0x42, 0x51, 0x5b, 0xbe, 0x2c, 0xaa, 0x4a, 0x3e, 0x25, 0x17, 0x30, 0x3e,
  0xe8, 0x22, 0x2e, 0xbe, 0x14, 0x07, 0x79, 0xbe, 0xb8, 0x47, 0x9f, 0xbd,
  0xc5, 0x40, 0x59, 0xbe, 0xe0, 0xf0, 0x05, 0x3e, 0x89, 0x7a, 0xb1, 0xbd,
  0x9c, 0x8c, 0x42, 0x3e, 0xcc, 0x10, 0x7d, 0x3c, 0xdd, 0x14, 0x80, 0xbc,
  0x9f, 0x4d, 0xb2, 0xbc, 0x5d, 0xe2, 0x2e, 0xbe, 0xe8, 0x51, 0x13, 0xbe,
  0xf4, 0xf1, 0x43, 0xbe, 0x00, 0xda, 0x8d, 0xbb, 0x06, 0xe5, 0xce, 0xbd,
  0x00, 0x24, 0xd0, 0x3d, 0x40, 0x31, 0x8a, 0x3d, 0xda, 0xf2, 0x2a, 0xbe,
  0x03, 0x98, 0x73, 0xbe, 0x5b, 0x42, 0x60, 0x3e, 0xec, 0xa9, 0x60, 0x3e,
  0xd4, 0x6d, 0x65, 0x3e, 0x50, 0x79, 0x36, 0x3e, 0xa0, 0xff, 0xa3, 0xbd,
  0x19, 0x4f, 0xc5, 0x3d, 0x96, 0x75, 0x51, 0xbe, 0x48, 0x4d, 0x47, 0x3e,
  0x34, 0x6e, 0x21, 0xbe, 0x05, 0x6e, 0x81, 0xbe, 0x58, 0xce, 0xf1, 0xbd,
  0x9e, 0x88, 0x57, 0x3c, 0xfe, 0xe1, 0x65, 0x3e, 0xc8, 0x20, 0x05, 0xbd,
  0x0b, 0xfd, 0x5e, 0xbe, 0xde, 0x19, 0xa1, 0xbd, 0x60, 0x2a, 0x93, 0x3c,
  0x25, 0xb7, 0x4f, 0xbe, 0xa2, 0x5e, 0x5e, 0xbd, 0x37, 0xc0, 0x89, 0xbe,
  0x1d, 0x81, 0x98, 0xbd, 0xce, 0xc2, 0x19, 0x3e, 0x21, 0xd1, 0xb8, 0x3d,
  0x88, 0x9e, 0x66, 0x3e, 0xf2, 0x6f, 0x0e, 0x3d, 0xc0, 0xa4, 0x3f, 0xbe,
  0x2d, 0x69, 0x58, 0x3e, 0xf0, 0x23, 0x39, 0x3e, 0x3d, 0x71, 0x13, 0xbe,
  0x04, 0x2f, 0x5c, 0xbe, 0x77, 0x38, 0xa0, 0x3d, 0x03, 0x0a, 0x06, 0x3d,
  0xc0, 0x92, 0x52, 0x3e, 0xa6, 0xf1, 0xa6, 0x3d, 0x7f, 0x3d, 0x0f, 0xbe,
  0x80, 0x4d, 0x46, 0x3d, 0x92, 0x44, 0x19, 0x3e, 0xf8, 0xbd, 0xf3, 0xbd,
  0x44, 0x79, 0x8f, 0xbd, 0xe5, 0x7c, 0xa6, 0x3d, 0x4a, 0x9f, 0x19, 0x3e,
  0x58, 0xf4, 0x5f, 0xbc, 0xa9, 0xb8, 0x47, 0xbe, 0x28, 0x9a, 0x0e, 0x3e,
  0x4d, 0x9c, 0x92, 0x3d, 0xf0, 0x74, 0x5d, 0xbe, 0xd8, 0x20, 0xfb, 0xbd,
  0xe7, 0x05, 0x8e, 0xbd, 0x83, 0xf8, 0x29, 0x3e, 0xe7, 0xf2, 0x6b, 0x3c,
  0x7e, 0x9e, 0x1a, 0x3d, 0xe0, 0x39, 0xbd, 0x3d, 0xd3, 0x4d, 0x23, 0x3e,
  0xc3, 0x77, 0x14, 0xbe, 0x38, 0x03, 0xf8, 0xbd, 0xd0, 0x68, 0x09, 0x3d,
  0x00, 0x51, 0x63, 0xbe, 0xde, 0x24, 0x39, 0xbe, 0xd0, 0x84, 0x03, 0xbd,
  0x63, 0xf7, 0xce, 0xbd, 0x00, 0x64, 0x5c, 0xbd, 0xff, 0xc8, 0x1f, 0x3e,
  0x35, 0x91, 0x1d, 0x3e, 0xff, 0x56, 0x4c, 0xbe, 0x10, 0xc3, 0xc7, 0x3d,
  0x65, 0x38, 0x13, 0xbd, 0x57, 0xc0, 0xd5, 0x3d, 0x1f, 0xeb, 0x24, 0x3e,
  0x30, 0x56, 0xa7, 0x3d, 0xee, 0x0f, 0x71, 0xbb, 0x5d, 0x5c, 0xb0, 0x3d,
  0xce, 0x2d, 0xae, 0xbc, 0x00, 0x07, 0x5f, 0x3e, 0x6c, 0x23, 0x2b, 0x3e,
  0xdb, 0x24, 0xf9, 0x3d, 0xb5, 0x42, 0x5f, 0xbd, 0x6a, 0xa9, 0x63, 0xbe,
  0x64, 0xf0, 0x11, 0xbe, 0xd4, 0x8a, 0x9f, 0xbc, 0xc0, 0x1c, 0x1e, 0xbd,
  0xf8, 0x2f, 0xd4, 0xbd, 0x28, 0xdc, 0xb0, 0xbd, 0xaf, 0x77, 0x37, 0x3c,
  0xbd, 0xa2, 0xff, 0xbd, 0x9a, 0x2f, 0x89, 0x3d, 0x3f, 0x86, 0x3c, 0xbe,
  0x63, 0x86, 0x09, 0xbd, 0xc8, 0x5a, 0xc6, 0xbd, 0xc1, 0x4b, 0xa6, 0x3c,
  0xae, 0xc3, 0x7d, 0x3e, 0xf7, 0xe7, 0x40, 0x3d, 0x20, 0x73, 0x45, 0x3e,
  0x7a, 0x21, 0x1f, 0xbe, 0x68, 0x2a, 0x8c, 0xbd, 0xf1, 0xb6, 0x18, 0x3e,
  0xb5, 0x57, 0x95, 0x3d, 0xe4, 0xaf, 0x43, 0xbe, 0xa4, 0xa9, 0x15, 0x3e,
  0xc5, 0xb6, 0x7d, 0x3e, 0x08, 0xab, 0x23, 0xbe, 0xb0, 0xb2, 0x88, 0x3d,
  0xc8, 0x9c, 0x09, 0xbe, 0x42, 0x32, 0x59, 0xbd, 0xd4, 0xc3, 0x24, 0x3e,
  0x48, 0xf3, 0x6b, 0xbe, 0x4d, 0xc5, 0x52, 0x3e, 0x9f, 0x22, 0xb0, 0xbd,
  0x00, 0x52, 0x01, 0xbb, 0xc8, 0x1e, 0xa3, 0xbd, 0xd8, 0xe7, 0xf6, 0xbd,
  0x80, 0xd8, 0x8c, 0x3c, 0x51, 0xb0, 0x18, 0xbe, 0xe6, 0x40, 0x63, 0xbe,
  0x4a, 0x9a, 0x2a, 0xbe, 0x28, 0x37, 0xc6, 0x3d, 0xf0, 0xf4, 0x70, 0x3d,
  0x38, 0xae, 0xa6, 0x3c, 0xe2, 0x4f, 0x3a, 0x3e, 0x24, 0x4c, 0x31, 0xbe,
  0x1c, 0x5e, 0xa3, 0x3c, 0x3d, 0xf3, 0x14, 0x3e, 0x30, 0xb2, 0x41, 0x3c,
  0xa4, 0x10, 0x08, 0xbe, 0xff, 0x77, 0x67, 0x3d, 0xa0, 0x56, 0xc9, 0x3d,
  0x83, 0x26, 0x0f, 0x3d, 0x35, 0xc1, 0x4a, 0xbe, 0xc0, 0x57, 0x50, 0x3c,
  0x45, 0x59, 0x23, 0xbe, 0xb8, 0x01, 0x7c, 0x3d, 0xcd, 0x9c, 0x67, 0xbe,
  0xab, 0x44, 0x54, 0x3d, 0x34, 0x13, 0x3e, 0xbe, 0xf1, 0x49, 0x3f, 0xbe,
  0x48, 0xa9, 0x24, 0x3e, 0x56, 0x1c, 0x15, 0xbe, 0xa8, 0x84, 0xb6, 0xbd,
  0x95, 0x8f, 0x7f, 0xbd, 0xcc, 0x59, 0x26, 0x3e, 0xb8, 0x4d, 0x61, 0x3d,
  0x00, 0x9c, 0x74, 0x3d, 0x8f, 0x87, 0xb1, 0xbe, 0x27, 0x23, 0x0b, 0xbe,
  0x3d, 0x11, 0x65, 0xbe, 0x16, 0x1b, 0x3c, 0xbe, 0xdc, 0xb9, 0xcf, 0x3e,
  0x97, 0x88, 0x9f, 0x3e, 0x25, 0x0d, 0x0b, 0xbe, 0x51, 0xec, 0x35, 0x3e,
  0xdf, 0x5a, 0xbb, 0xbc, 0xb1, 0x76, 0x76, 0xbe, 0xff, 0xac, 0xb1, 0xbe,
  0x1f, 0x17, 0x9d, 0xbe, 0x57, 0x90, 0x88, 0xbe, 0x01, 0x94, 0xee, 0xbd,
  0x82, 0x02, 0x17, 0x3e, 0x93, 0xb3, 0x4d, 0xbe, 0x00, 0x40, 0xdb, 0xbc,
  0xa8, 0x66, 0xc7, 0xbd, 0x3f, 0xf3, 0x00, 0xbd, 0xe3, 0x41, 0xe7, 0xbd,
  0xb2, 0x71, 0x34, 0xbe, 0x7f, 0x63, 0x88, 0x3c, 0xdc, 0xb8, 0x06, 0xbf,
  0x39, 0x85, 0x04, 0xbe, 0x5d, 0x89, 0x9a, 0x3d, 0x32, 0xdc, 0x56, 0x3d,
  0x53, 0x07, 0x54, 0xbd, 0x8c, 0x87, 0xe2, 0xbd, 0x2d, 0x64, 0xbd, 0xbd,
  0xbf, 0x98, 0x96, 0xbe, 0x5c, 0xc2, 0x6e, 0xbe, 0x8e, 0x37, 0x07, 0x3e,
  0xfb, 0x84, 0x77, 0xbe, 0x29, 0x26, 0x0b, 0x3e, 0xde, 0xad, 0xaa, 0xbd,
  0x98, 0x1b, 0xdc, 0xbe, 0x91, 0xcd, 0x50, 0x3e, 0x7c, 0x0a, 0x10, 0x3e,
  0x90, 0xd4, 0x1a, 0x3d, 0x49, 0xe4, 0xb4, 0x3e, 0x30, 0xf1, 0xc0, 0x3b,
  0xb6, 0x4b, 0x05, 0xbe, 0x21, 0x04, 0xf7, 0xbd, 0xf3, 0x50, 0x06, 0xbe,
  0xf3, 0x03, 0x82, 0xbc, 0xa8, 0x97, 0x28, 0x3e, 0xba, 0xcc, 0x05, 0xbd,
  0x66, 0x7a, 0x79, 0xbe, 0x6a, 0xc5, 0x01, 0x3d, 0x1f, 0x01, 0xa0, 0x3e,
  0x5f, 0xa7, 0x67, 0xbe, 0x57, 0x7a, 0xed, 0x3c, 0x24, 0x6e, 0x18, 0xbd,
  0x9c, 0xcc, 0x76, 0xbe, 0x8c, 0x3d, 0x9d, 0xbe, 0x56, 0x07, 0x46, 0x3c,
  0x7d, 0xcf, 0xae, 0xbe, 0x6b, 0x01, 0x0d, 0xbe, 0xeb, 0x7c, 0x6d, 0xbc,
  0xce, 0x12, 0x40, 0x3d, 0x25, 0xf3, 0x2f, 0x3e, 0x9d, 0x96, 0xdc, 0xbe,
  0xbc, 0x29, 0x04, 0xbe, 0xf6, 0x23, 0xb3, 0xbe, 0xb4, 0x38, 0xa0, 0x3e,
  0x49, 0xf0, 0xdd, 0x3d, 0xf6, 0x8f, 0x48, 0x3e, 0xa8, 0x31, 0x13, 0x3e,
  0xc8, 0x1f, 0x72, 0xbd, 0x4c, 0xb1, 0x17, 0xbe, 0x11, 0x73, 0x73, 0x3e,
  0x2a, 0xfd, 0x29, 0x3e, 0x11, 0x08, 0x1a, 0xbd, 0x39, 0x38, 0xaa, 0x3e,
  0x6f, 0x1d, 0x1a, 0x3f, 0xb0, 0x99, 0x97, 0x3e, 0xf4, 0xf5, 0xd7, 0x3e,
  0x10, 0x91, 0xb1, 0x3e, 0x27, 0x54, 0xa9, 0xbc, 0x7e, 0x8e, 0x59, 0x3e,
  0x80, 0x06, 0xb3, 0x3b, 0xc5, 0x4e, 0x93, 0x3e, 0xdc, 0x63, 0x1f, 0x3e,
  0x2f, 0xfa, 0x61, 0xbd, 0x46, 0x62, 0x9e, 0x3e, 0x73, 0xea, 0x0f, 0x3e,
  0x7a, 0x03, 0x0c, 0x3f, 0x32, 0x52, 0x86, 0x3e, 0x84, 0x0c, 0x55, 0x3e,
  0x77, 0x2d, 0x0c, 0x3e, 0x9c, 0xe7, 0xba, 0x3e, 0x89, 0xbe, 0xce, 0x3e,
  0x71, 0x76, 0xc7, 0x3e, 0x53, 0x6d, 0xe5, 0x3e, 0x2e, 0xb9, 0x4f, 0xbe,
  0x42, 0x70, 0xcc, 0x3c, 0x38, 0x61, 0x13, 0x3f, 0xd9, 0xe3, 0x48, 0xbe,
  0x94, 0x7a, 0x9c, 0x3e, 0xbe, 0x52, 0xb6, 0x3e, 0xe7, 0x14, 0xdb, 0x3d,
  0x79, 0xc9, 0x1e, 0x3e, 0x2d, 0xb0, 0x42, 0xbe, 0x7e, 0xf8, 0x7c, 0x3e,
  0x0f, 0x9d, 0xb8, 0x3e, 0x58, 0x28, 0xbe, 0x3d, 0x7e, 0xf7, 0x76, 0x3e,
  0x51, 0x8e, 0x31, 0x3e, 0x05, 0x8f, 0x92, 0x3e, 0x49, 0xa0, 0x03, 0x3e,
  0xea, 0x9e, 0xf4, 0x3d, 0x98, 0xee, 0xe7, 0xbd, 0x21, 0xc2, 0x0d, 0xbe,
  0xcf, 0xc7, 0x88, 0xbe, 0x06, 0xe5, 0xaf, 0x3e, 0x3a, 0xb3, 0x57, 0xbd,
  0xe3, 0x07, 0x5c, 0x3e, 0xfe, 0x31, 0x99, 0x3e, 0x82, 0x20, 0x64, 0x3e,
  0x25, 0xeb, 0x8f, 0xbb, 0x32, 0x6d, 0xc5, 0x3e, 0x6d, 0xef, 0x3c, 0x3d,
  0x05, 0x2d, 0xd4, 0x3e, 0xc8, 0xf3, 0xdb, 0xbd, 0x13, 0xc2, 0x1f, 0xbe,
  0x6a, 0xb3, 0xd1, 0x3d, 0x5f, 0xf7, 0x6d, 0x3e, 0x5b, 0x5d, 0xc2, 0x3e,
  0x0f, 0x90, 0xdb, 0x3c, 0xf2, 0x6e, 0x46, 0x3e, 0x42, 0x96, 0x0c, 0x3d,
  0xd0, 0x55, 0x53, 0x3e, 0xfe, 0x64, 0x8c, 0x3d, 0xad, 0xcc, 0x5d, 0xbe,
  0x62, 0x1d, 0x00, 0x3e, 0x80, 0x41, 0x45, 0x3c, 0x1a, 0xd9, 0x9d, 0xbc,
  0x6f, 0x16, 0x2f, 0x3e, 0xa5, 0xac, 0xf2, 0xbd, 0x12, 0x71, 0xe8, 0x3c,
  0x53, 0xb8, 0xa9, 0x3d, 0x60, 0x39, 0x34, 0xbe, 0xe8, 0xe6, 0xba, 0xbd,
  0xa7, 0x69, 0xaf, 0x3a, 0x6c, 0x34, 0x72, 0xbe, 0xca, 0xac, 0xaa, 0xbc,
  0x53, 0xdf, 0x3b, 0xbe, 0x8f, 0xa9, 0x80, 0xbd, 0xd7, 0xa0, 0x26, 0xbe,
  0xcd, 0xe6, 0x22, 0x3c, 0x2c, 0x7f, 0x6d, 0x3e, 0x4b, 0xb2, 0x52, 0xbe,
  0x71, 0x85, 0x8b, 0x3a, 0x53, 0xa1, 0xd2, 0xbc, 0x7e, 0x7f, 0x39, 0xbe,
  0xac, 0x6f, 0x19, 0xbc, 0x66, 0xbc, 0x62, 0xbc, 0xce, 0x70, 0xe5, 0x3d,
  0xad, 0x64, 0x0f, 0xbe, 0xb9, 0x91, 0x92, 0xbd, 0x40, 0x77, 0x0d, 0x3c,
  0x5c, 0xeb, 0x36, 0xbd, 0xce, 0x92, 0x64, 0x3e, 0xc6, 0xdc, 0x67, 0x3e,
  0xbe, 0x0d, 0x5e, 0xbe, 0xef, 0x7a, 0x57, 0xbe, 0x00, 0xbf, 0xc5, 0x3d,
  0xe7, 0x6f, 0x0f, 0xbe, 0xac, 0x8b, 0x88, 0x3e, 0xfd, 0x25, 0x5b, 0xbd,
  0xdc, 0x5e, 0xb4, 0x3c, 0x8c, 0x0e, 0x13, 0x3e, 0xf3, 0x85, 0x1a, 0x3d,
  0x96, 0x43, 0xf9, 0x3d, 0x29, 0x4e, 0xa8, 0xbd, 0x90, 0xeb, 0x30, 0x3d,
  0x2a, 0x3c, 0x41, 0x3d, 0x33, 0xad, 0x12, 0xbe, 0x71, 0xdc, 0x69, 0x3b,
  0x70, 0x8c, 0x1f, 0x3e, 0xa2, 0x75, 0x3f, 0x3d, 0x1e, 0xa8, 0x65, 0x3e,
  0x4f, 0x3a, 0x1b, 0xbe, 0xcb, 0x0c, 0xf5, 0x3c, 0x1e, 0x9f, 0x01, 0xbe,
  0xa8, 0xa7, 0x65, 0xbe, 0x8b, 0xf4, 0x6d, 0x3c, 0x22, 0x9b, 0xc7, 0x3d,
  0xf1, 0x7c, 0x0f, 0xbd, 0xb8, 0x06, 0x00, 0xbe, 0x7d, 0x9b, 0x02, 0x3d,
  0xf7, 0xc0, 0x5d, 0x3e, 0x35, 0xca, 0xdf, 0x3c, 0xac, 0xa3, 0x06, 0xbe,
  0xf2, 0x4a, 0x9d, 0xbd, 0x78, 0xc8, 0x1c, 0x3e, 0xc1, 0xbc, 0x8c, 0x3e,
  0x21, 0xda, 0xa2, 0x3e, 0xb9, 0x4b, 0x66, 0x3d, 0x03, 0xfd, 0xff, 0x3d,
  0x85, 0x8a, 0xc9, 0x3e, 0xa5, 0x6d, 0xa5, 0xbe, 0x9a, 0x6c, 0xe4, 0xbe,
  0x0d, 0x83, 0xd5, 0xbe, 0x8e, 0x07, 0xac, 0xbe, 0x2f, 0xed, 0x86, 0xbe,
  0xf8, 0x65, 0x5c, 0x3e, 0x03, 0xd3, 0x7e, 0xbe, 0x90, 0xf5, 0x54, 0xbd,
  0x94, 0x84, 0x44, 0x3d, 0xcd, 0xa6, 0xb0, 0xbe, 0xf9, 0xb4, 0x21, 0xbe,
  0xe3, 0x26, 0x02, 0xbf, 0x14, 0x22, 0xd0, 0xbe, 0x63, 0x24, 0xcc, 0xbe,
  0x83, 0x1d, 0x3f, 0xbd, 0x2c, 0x65, 0x07, 0x3e, 0xfa, 0xbb, 0x9c, 0x3d,
  0x19, 0x26, 0x02, 0xbe, 0x25, 0xed, 0xb7, 0x3d, 0x09, 0xa3, 0x9e, 0x3d,
  0x58, 0x76, 0x94, 0xbe, 0x7a, 0x42, 0x20, 0x3e, 0xe4, 0xc5, 0x7d, 0xbc,
  0x55, 0xf6, 0x89, 0xbe, 0x97, 0xbb, 0xf6, 0xbd, 0xdc, 0xc6, 0x19, 0xbd,
  0xdc, 0x96, 0x81, 0xbd, 0xe1, 0xec, 0x0d, 0xbe, 0x7d, 0x27, 0xc1, 0xbe,
  0xbb, 0x0a, 0x03, 0xbd, 0xbe, 0x0d, 0xb6, 0x3c, 0xad, 0x75, 0x4f, 0xbd,
  0x3a, 0xf8, 0x97, 0xbe, 0x0e, 0xe8, 0xf4, 0x3c, 0x07, 0x2b, 0x6c, 0x3e,
  0x1a, 0x69, 0x1e, 0xbe, 0xc4, 0x22, 0x94, 0xbd, 0x66, 0xfc, 0x4a, 0x3e,
  0x16, 0xc0, 0x8c, 0x3c, 0x15, 0xa9, 0xa7, 0xbc, 0xcf, 0x2a, 0x13, 0x3c,
  0xee, 0x11, 0x34, 0xbe, 0x5b, 0x98, 0x73, 0xbe, 0x11, 0x1e, 0x95, 0x3d,
  0x17, 0x6e, 0x25, 0xbe, 0xe4, 0xc9, 0x4a, 0xbe, 0x08, 0xde, 0x90, 0xbb,
  0x53, 0xae, 0x7f, 0xbc, 0x8a, 0x45, 0xac, 0xbe, 0x4b, 0x5c, 0x06, 0x3e,
  0x2b, 0x45, 0x53, 0x3e, 0x84, 0x6f, 0x0a, 0xbe, 0x73, 0x6d, 0xd7, 0xbe,
  0x80, 0xc0, 0xd0, 0x3d, 0xe5, 0xde, 0x44, 0x3c, 0xd0, 0x0f, 0xd8, 0xbd,
  0xb8, 0x90, 0x56, 0xbe, 0xb8, 0xab, 0xd8, 0xbd, 0x10, 0x29, 0x66, 0xbd,
  0x40, 0xaa, 0xc1, 0xbd, 0x29, 0x78, 0xa7, 0x3d, 0x21, 0x8c, 0x29, 0x3b,
  0x8d, 0x18, 0x10, 0xbe, 0x36, 0xc9, 0x49, 0xbe, 0x88, 0xb2, 0xa5, 0x3d,
  0x40, 0x3e, 0x77, 0x3d, 0x94, 0xc7, 0x6f, 0xbe, 0xc2, 0xa3, 0x10, 0x3e,
  0x40, 0x54, 0x6a, 0xbe, 0xc0, 0xaa, 0x01, 0xbd, 0xb6, 0xd3, 0x5e, 0x3e,
  0xf8, 0xed, 0x77, 0xbe, 0xe1, 0xb3, 0x2e, 0x3e, 0x60, 0x36, 0x9c, 0xbd,
  0x70, 0x51, 0x9d, 0x3d, 0x88, 0x92, 0x5f, 0x3e, 0x87, 0xc3, 0xe9, 0xbd,
  0xb8, 0x19, 0xcf, 0xbd, 0x18, 0xbe, 0x21, 0xbe, 0x98, 0xea, 0x1d, 0x3e,
  0x88, 0xaa, 0x4b, 0x3e, 0x4e, 0xfa, 0x6e, 0xbe, 0xc3, 0xe9, 0xd0, 0x3d,
  0xff, 0x89, 0xed, 0xbd, 0xbd, 0xff, 0x9c, 0xbb, 0x90, 0xf0, 0x16, 0x3d,
  0x14, 0x1e, 0x0f, 0x3e, 0x70, 0x30, 0x62, 0x3e, 0xb4, 0x56, 0x4b, 0x3e,
  0xe1, 0xa4, 0x68, 0x3d, 0xaf, 0x3c, 0x3a, 0xbe, 0x2c, 0x30, 0x2f, 0x3d,
  0x58, 0x18, 0xa4, 0xbd, 0x70, 0x2f, 0x66, 0xbd, 0x41, 0x9a, 0x30, 0xbe,
  0x1e, 0xc0, 0x15, 0xbe, 0x96, 0xb1, 0x81, 0xbb, 0x05, 0x12, 0xca, 0x3c,
  0x10, 0x02, 0x7f, 0xbd, 0x2a, 0x31, 0x07, 0x3c, 0xd8, 0xf3, 0xd8, 0x3d,
  0xef, 0xb5, 0x13, 0x3e, 0xd0, 0x1b, 0xb0, 0x3d, 0xeb, 0x93, 0x53, 0x3e,
  0x71, 0xb4, 0xd7, 0xbd, 0x2c, 0x9b, 0x13, 0xbe, 0x4c, 0xf6, 0x53, 0xbd,
  0x39, 0xc7, 0xf7, 0x3d, 0x31, 0x7d, 0x9d, 0xbd, 0x42, 0x4a, 0x7a, 0x3e,
  0xb4, 0x89, 0x5f, 0xbe, 0xe0, 0xae, 0x4f, 0xbd, 0x18, 0xc9, 0xcd, 0xbd,
  0xd8, 0x9f, 0x40, 0x3e, 0x0d, 0xb3, 0x1e, 0x3e, 0x3c, 0x9e, 0x64, 0x3e,
  0x20, 0xdc, 0xdd, 0x3c, 0xd1, 0x3e, 0x1a, 0xbe, 0x28, 0x92, 0x12, 0x3e,
  0x00, 0xdc, 0xd2, 0x3b, 0x00, 0x14, 0xa9, 0xbb, 0x38, 0x3d, 0x16, 0x3e,
  0x68, 0xfd, 0xa8, 0xbd, 0x28, 0x71, 0x85, 0xbd, 0xe0, 0xe0, 0xe2, 0xbc,
  0x98, 0x39, 0x29, 0x3e, 0x34, 0x2b, 0x64, 0xbe, 0x34, 0xa4, 0x76, 0x3e,
  0xd0, 0x3f, 0x22, 0x3d, 0xc0, 0x1a, 0x3d, 0xbc, 0x40, 0xbd, 0x3b, 0x3d,
  0x00, 0xab, 0x46, 0xbe, 0xa8, 0x03, 0x86, 0xbd, 0x10, 0x3a, 0xa2, 0xbd,
  0x50, 0xe1, 0x76, 0xbe, 0xc0, 0x31, 0x6c, 0x3d, 0xc0, 0x8f, 0x54, 0x3c,
  0x70, 0xb3, 0xf7, 0xbd, 0xb0, 0x96, 0x56, 0x3e, 0x34, 0xbb, 0x50, 0x3e,
  0x34, 0x68, 0x44, 0xbe, 0xec, 0x8f, 0x04, 0x3e, 0xd0, 0xf7, 0xb5, 0x3d,
  0x60, 0x4a, 0x5f, 0x3d, 0xb0, 0xe5, 0x88, 0xbd, 0xf8, 0x09, 0x9e, 0x3d,
  0x68, 0x6e, 0x3b, 0x3e, 0x64, 0x32, 0x56, 0xbe, 0xec, 0xaa, 0x1c, 0x3e,
  0xa8, 0x2a, 0x43, 0xbe, 0xc8, 0xf0, 0xe7, 0x3d, 0x14, 0x2e, 0x44, 0xbe,
  0x48, 0x86, 0xe5, 0x3d, 0xc0, 0xf6, 0x4b, 0x3d, 0x5c, 0xeb, 0x4e, 0xbe,
  0x74, 0x9e, 0x2c, 0x3e, 0x94, 0xc9, 0x44, 0xbe, 0xc0, 0x42, 0x4a, 0xbc,
  0x64, 0x68, 0x13, 0xbe, 0xa0, 0x0a, 0xa6, 0x3c, 0xa0, 0x88, 0x47, 0xbd,
  0x28, 0x72, 0x97, 0xbd, 0x20, 0xad, 0xaa, 0xbc, 0x60, 0x9a, 0x9e, 0xbc,
  0x00, 0x12, 0xd7, 0x3c, 0xc0, 0x63, 0x26, 0xbd, 0x7c, 0x46, 0x27, 0x3e,
  0xc0, 0xb2, 0xdc, 0xbc, 0xc0, 0x58, 0x22, 0xbe, 0x20, 0xf6, 0x11, 0xbe,
  0x58, 0xe8, 0xe3, 0x3d, 0xc0, 0x1f, 0x36, 0xbd, 0x58, 0x9c, 0x5d, 0xbe,
  0x4c, 0xa3, 0x14, 0x3e, 0x7c, 0x14, 0x10, 0xbe, 0x00, 0xc5, 0xf3, 0x3d,
  0xf8, 0x3f, 0xda, 0xbd, 0xb0, 0x6a, 0x12, 0x3e, 0x80, 0xde, 0x7a, 0xbd,
  0xbc, 0x06, 0x4e, 0x3e, 0x50, 0x31, 0x30, 0xbd, 0xc0, 0x47, 0x03, 0x3c,
  0x50, 0xee, 0x5c, 0xbe, 0x2f, 0xb5, 0x68, 0x3e, 0xba, 0x3e, 0xa8, 0x3e,
  0xa0, 0x69, 0xb3, 0x3e, 0xd3, 0x33, 0x6d, 0x3e, 0x08, 0x82, 0x4d, 0xbd,
  0x7a, 0x73, 0x89, 0xbd, 0xeb, 0x2c, 0x51, 0x3e, 0xc8, 0xbb, 0xc2, 0xbd,
  0x7f, 0x10, 0x93, 0xbd, 0x85, 0x52, 0xc7, 0x3d, 0xb2, 0x5d, 0xef, 0x3e,
  0x76, 0x60, 0x9a, 0x3e, 0x7a, 0xef, 0x6e, 0x3e, 0xcb, 0xf8, 0xc9, 0x3e,
  0x2e, 0xb4, 0x76, 0xbe, 0x88, 0x6b, 0x60, 0x3e, 0xdc, 0x75, 0x75, 0x3e,
  0xa1, 0x88, 0xc3, 0xbd, 0x37, 0x02, 0x85, 0x3e, 0x72, 0x9e, 0xf3, 0xbd,
  0x93, 0x09, 0xe9, 0x3e, 0x35, 0xb3, 0x12, 0x3e, 0x13, 0x22, 0x96, 0x3e,
  0xc7, 0x15, 0x2c, 0x3e, 0x85, 0x6e, 0x1b, 0x3e, 0x7f, 0x3e, 0x9b, 0x3e,
  0xe7, 0xe8, 0x89, 0x3d, 0x78, 0x94, 0xc4, 0x3e, 0x75, 0xbb, 0xc7, 0x3e,
  0xb4, 0x64, 0xa8, 0x3d, 0x23, 0x70, 0xb8, 0xbb, 0x77, 0x90, 0xdb, 0x3d,
  0x79, 0x11, 0xc7, 0x3e, 0x56, 0xe9, 0x2e, 0x3e, 0x97, 0x4e, 0xb6, 0x3e,
  0x2c, 0xda, 0x82, 0x3e, 0x25, 0xdd, 0xca, 0xbd, 0x35, 0xab, 0x49, 0x3e,
  0xe6, 0x9a, 0xc2, 0xbc, 0xef, 0xa0, 0xd0, 0x3d, 0x93, 0x2d, 0xb5, 0x3e,
  0x0b, 0x34, 0x52, 0xbd, 0xb4, 0x2b, 0xc2, 0x3e, 0x7d, 0xe4, 0x25, 0x3e,
  0xe4, 0x3e, 0xaf, 0x3d, 0x12, 0x7b, 0xa6, 0x3c, 0x86, 0x76, 0x23, 0x3e,
  0x10, 0xa4, 0x4c, 0xbd, 0x6d, 0x32, 0x48, 0x3d, 0xf0, 0x48, 0xa6, 0xbc,
  0x91, 0xc1, 0x80, 0x3e, 0xbc, 0x9e, 0xb6, 0x3e, 0x25, 0x60, 0x91, 0x3c,
  0xbf, 0xec, 0x5d, 0x3e, 0xf1, 0x33, 0x9c, 0x3e, 0xf2, 0x1a, 0x83, 0xbb,
  0x6d, 0xf9, 0x90, 0x3e, 0x1a, 0x97, 0x78, 0x3e, 0x88, 0x1b, 0x86, 0x3e,
  0xd0, 0xd6, 0xd5, 0x3b, 0x64, 0x1c, 0xab, 0x3c, 0x40, 0x34, 0xe4, 0x3e,
  0x4c, 0xa7, 0x42, 0xbe, 0x34, 0xfb, 0x92, 0x3e, 0xc8, 0x77, 0xb1, 0x3e,
  0x69, 0x6e, 0x79, 0x3d, 0x4e, 0xe4, 0x85, 0x3e, 0xf2, 0xd9, 0x6d, 0x3e,
  0x94, 0x78, 0x0a, 0xbd, 0xf0, 0xe6, 0x34, 0x3e, 0x40, 0xb3, 0xd3, 0x3e,
  0x93, 0x83, 0x92, 0x3c, 0x8e, 0xe2, 0x89, 0xbe, 0x82, 0x7a, 0x45, 0x3e,
  0x4e, 0x37, 0xa9, 0x3e, 0xe6, 0x31, 0x74, 0x3e, 0x68, 0x78, 0xc3, 0x3e,
  0x72, 0x45, 0x82, 0x3e, 0x7b, 0x02, 0x4f, 0x3d, 0x65, 0x74, 0xa5, 0x3d,
  0x60, 0x06, 0xda, 0x3d, 0x4c, 0xcb, 0x9a, 0x3e, 0x28, 0x80, 0x06, 0x3f,
  0x8d, 0xe8, 0x8f, 0xbd, 0x28, 0x94, 0xe4, 0x3e, 0x28, 0xc8, 0x41, 0x3e,
  0xa9, 0x67, 0xf7, 0x3e, 0xee, 0xb5, 0x8d, 0x3e, 0x43, 0x69, 0x0a, 0xbe,
  0x04, 0xc7, 0xa2, 0x3e, 0xfc, 0x13, 0x13, 0x3e, 0x7c, 0x41, 0xac, 0x3e,
  0xe1, 0x7c, 0xb8, 0x3e, 0x24, 0xe3, 0x9e, 0x3e, 0x40, 0xd7, 0x85, 0xbc,
  0x3f, 0xcf, 0xcb, 0x3e, 0xe1, 0x98, 0xf7, 0x3e, 0x1c, 0x09, 0xbb, 0xbc,
  0x58, 0xcd, 0x6b, 0x3e, 0x10, 0xc5, 0x3a, 0x3e, 0xb6, 0xb4, 0x64, 0xbd,
  0x33, 0x02, 0x7e, 0x3d, 0x7d, 0x93, 0xae, 0x3c, 0xbb, 0xc6, 0x49, 0x3c,
  0xc2, 0x47, 0xc4, 0x3e, 0x12, 0xc8, 0x9a, 0x3e, 0xa5, 0x43, 0xd1, 0x3e,
  0xf4, 0x72, 0xb7, 0xbd, 0x53, 0x66, 0x9b, 0x3e, 0x28, 0x36, 0xf1, 0xbd,
  0x3f, 0xe8, 0x25, 0x3e, 0x3e, 0x27, 0x0b, 0x3c, 0x00, 0xa1, 0x1a, 0xbd,
  0x37, 0xcc, 0xfc, 0x3c, 0x9d, 0x3f, 0x46, 0x3e, 0xe8, 0x12, 0x9d, 0x3b,
  0x59, 0x8b, 0xd4, 0x3e, 0x2a, 0xf3, 0x59, 0x3d, 0xab, 0x4b, 0x4d, 0x3d,
  0xb6, 0xd9, 0x95, 0x3d, 0xe1, 0xaf, 0xde, 0x3e, 0x84, 0x65, 0xd1, 0x3e,
  0x5c, 0xb2, 0x7d, 0xbd, 0xf4, 0x78, 0x23, 0x3d, 0xf9, 0x3a, 0x4f, 0xbe,
  0xb7, 0x14, 0xaa, 0x3e, 0xbf, 0x9d, 0xba, 0xbd, 0xb5, 0xc0, 0xb6, 0x3e,
  0x08, 0x28, 0xae, 0x3d, 0x76, 0x05, 0x2b, 0x3e, 0x7e, 0x48, 0x53, 0xbe,
  0x40, 0x00, 0xeb, 0xbd, 0x10, 0x3e, 0x23, 0xbd, 0x79, 0x20, 0x30, 0xbe,
  0x18, 0x50, 0x8e, 0xbc, 0xd8, 0xef, 0x37, 0xbd, 0x7c, 0xc7, 0x76, 0xbe,
  0xc0, 0x00, 0x20, 0x3d, 0x54, 0x58, 0x27, 0xbe, 0x82, 0xfe, 0x49, 0x3e,
  0x3d, 0x1d, 0x44, 0xbe, 0xc8, 0xc2, 0x68, 0x3d, 0x30, 0x55, 0x22, 0x3e,
  0x24, 0x9d, 0xbb, 0x3d, 0x70, 0x7f, 0x98, 0x3d, 0x69, 0x01, 0x0b, 0xbd,
  0xea, 0x5c, 0x57, 0xbe, 0xed, 0xb0, 0x19, 0x3e, 0x90, 0xc2, 0x1f, 0xbe,
  0x9e, 0x61, 0x31, 0x3e, 0xd4, 0xd5, 0x48, 0xbe, 0x8c, 0x45, 0x44, 0xbe,
  0x98, 0x4f, 0xe3, 0x3d, 0x60, 0x55, 0x9b, 0xbd, 0xf5, 0x0c, 0x5e, 0x3e,
  0x4f, 0x8a, 0xc1, 0xbc, 0x84, 0xbc, 0x1c, 0x3d, 0xca, 0x26, 0x82, 0xbe,
  0x28, 0xe6, 0xd5, 0x3d, 0x5c, 0xea, 0x7b, 0xbe, 0xd4, 0x12, 0x68, 0xbe,
  0x34, 0x0e, 0x64, 0x3e, 0x6d, 0xa6, 0xb2, 0x3b, 0x25, 0xdd, 0x14, 0xbe,
  0xda, 0xad, 0x16, 0xbe, 0x72, 0x5e, 0x72, 0x3e, 0x98, 0x88, 0xe3, 0xbd,
  0x3c, 0xd9, 0x2d, 0xbe, 0x26, 0xcc, 0x38, 0xbe, 0x61, 0xf0, 0xf8, 0xbb,
  0x6c, 0x96, 0x6c, 0xbd, 0xce, 0xc2, 0x20, 0xbd, 0x12, 0xb5, 0x75, 0x3e,
  0xa0, 0x3e, 0x1b, 0xbe, 0x09, 0x23, 0xee, 0xbd, 0x98, 0xe7, 0x0d, 0x3e,
  0xc9, 0x05, 0x0b, 0xbe, 0xb2, 0x07, 0x0b, 0x3e, 0xe8, 0xc8, 0xe8, 0x3d,
  0x6f, 0x18, 0x52, 0x3e, 0x2a, 0xdc, 0x3e, 0xbd, 0x2a, 0x3f, 0xab, 0x3d,
  0x90, 0x80, 0x4d, 0xbe, 0x1c, 0x81, 0x44, 0x3e, 0x40, 0xc6, 0xf2, 0xbc,
  0x60, 0xc0, 0x15, 0xbd, 0x4a, 0x0d, 0x01, 0xbe, 0x4d, 0xf2, 0x32, 0x3e,
  0x52, 0x50, 0xba, 0xbc, 0x38, 0xc4, 0x31, 0xbe, 0x8c, 0x01, 0xbd, 0xbd,
  0xc4, 0x5b, 0xc0, 0xbd, 0xe0, 0xb6, 0x1b, 0x3d, 0xac, 0xa0, 0x13, 0x3e,
  0x8d, 0xa1, 0x60, 0xbd, 0x80, 0x59, 0xc6, 0x3c, 0x18, 0xc2, 0xd5, 0xbd,
  0xe4, 0x19, 0x38, 0x3e, 0xfc, 0x8c, 0x17, 0x3e, 0xac, 0x01, 0x21, 0xbe,
  0xdc, 0xb0, 0x35, 0x3c, 0x20, 0xd0, 0x24, 0x3d, 0x34, 0x92, 0x04, 0x3e,
  0x00, 0x45, 0x63, 0x3e, 0xe0, 0x58, 0x12, 0xbe, 0x9f, 0x67, 0x41, 0xbd,
  0x4c, 0xf4, 0x71, 0x3e, 0x89, 0x02, 0x79, 0x3e, 0xd4, 0x1b, 0x68, 0x3e,
  0x30, 0x88, 0x64, 0xbe, 0x29, 0xb5, 0x73, 0x3e, 0xcc, 0x5a, 0x17, 0x3e,
  0xb4, 0x4f, 0x46, 0x3e, 0x3d, 0x91, 0x64, 0x3e, 0xa8, 0x09, 0x84, 0x3d,
  0xd0, 0x45, 0xd3, 0xbd, 0x5c, 0xee, 0x01, 0xbe, 0xd0, 0xae, 0xe1, 0x3d,
  0x65, 0x9d, 0x6d, 0xbe, 0x50, 0xc8, 0x4b, 0xbe, 0x05, 0x2d, 0x25, 0xbe,
  0xad, 0xdc, 0x96, 0x3d, 0xd0, 0x26, 0x92, 0x3d, 0x64, 0xc1, 0x72, 0x3e,
  0x44, 0xb1, 0x64, 0xbe, 0xf8, 0x9a, 0x00, 0x3e, 0x11, 0x21, 0xf7, 0x3d,
  0xfd, 0x02, 0x02, 0xbe, 0x5c, 0x7d, 0xe2, 0xbd, 0x5c, 0xbb, 0x09, 0xbe,
  0xa8, 0xe4, 0x06, 0xbe, 0x55, 0xc5, 0x41, 0x3e, 0x1b, 0xc8, 0x84, 0xbd,
  0xc0, 0xf3, 0x48, 0xbe, 0x6c, 0x9f, 0x7e, 0xbd, 0x70, 0x03, 0x76, 0xbe,
  0xe4, 0xbd, 0x93, 0xbd, 0xd0, 0x04, 0x63, 0x3d, 0x85, 0x3f, 0xbb, 0xbd,
  0x18, 0xe2, 0x46, 0xbe, 0xeb, 0xbe, 0x46, 0xbe, 0x76, 0x8c, 0x0a, 0xbd,
  0x70, 0x12, 0x0c, 0x3e, 0xde, 0x6b, 0xcd, 0xbd, 0x39, 0x34, 0xab, 0x3d,
  0x31, 0x34, 0x78, 0xbe, 0x20, 0x5b, 0xd0, 0xbd, 0x68, 0x72, 0xb7, 0xbd,
  0x1c, 0x3f, 0x12, 0xbe, 0x58, 0x57, 0xd0, 0xbd, 0x47, 0x81, 0x85, 0x3d,
  0x68, 0x0b, 0xc7, 0x3d, 0xef, 0xb1, 0x2b, 0xbc, 0xc0, 0xa2, 0xc8, 0xbd,
  0x8a, 0x59, 0x56, 0x3e, 0xf9, 0xc1, 0x6b, 0x3d, 0xdd, 0xbb, 0x64, 0x3e,
  0x14, 0x56, 0x37, 0xbd, 0x79, 0x2f, 0x1e, 0x3c, 0x90, 0x6e, 0x94, 0x3d,
  0xca, 0x60, 0x54, 0xbe, 0x95, 0xf7, 0x46, 0xbe, 0x2f, 0xd1, 0x3e, 0xbe,
  0x7f, 0x78, 0x67, 0x3e, 0x3e, 0xea, 0x6e, 0xbe, 0x8e, 0xe0, 0xbc, 0x3c,
  0x86, 0xcb, 0x18, 0x3e, 0xa5, 0xa4, 0xcc, 0x3d, 0xdf, 0x5c, 0x9a, 0xbd,
  0xcf, 0xe4, 0xa0, 0x3d, 0x40, 0x9e, 0xd5, 0xbc, 0x11, 0x58, 0xb9, 0xbd,
  0x6c, 0xd2, 0x6f, 0xbe, 0x2d, 0xdd, 0x4a, 0xbe, 0x48, 0xef, 0x44, 0xbe,
  0xe2, 0x5a, 0x5c, 0x3e, 0x29, 0x50, 0x26, 0xbe, 0xb2, 0xc1, 0x9a, 0x3d,
  0x70, 0x03, 0x70, 0x3e, 0x00, 0x6a, 0x4e, 0xbd, 0x5b, 0x94, 0x23, 0xbd,
  0x34, 0x46, 0xae, 0x3d, 0x60, 0xe3, 0x1f, 0x3e, 0x3a, 0xdb, 0x12, 0x3e,
  0xb4, 0xc6, 0x89, 0x3c, 0x80, 0x3d, 0xca, 0x3c, 0x8a, 0x94, 0x63, 0xbd,
  0x1b, 0x77, 0xab, 0xb9, 0x10, 0xf3, 0x70, 0xbe, 0x78, 0x4a, 0x6d, 0x3e,
  0x4f, 0xcf, 0xa9, 0xbc, 0xe1, 0x98, 0x72, 0xbe, 0xa9, 0x0b, 0xee, 0x3d,
  0xee, 0x17, 0xe3, 0xbd, 0xa0, 0x52, 0x7d, 0xbe, 0xfa, 0x94, 0x0e, 0xbe,
  0x23, 0x23, 0x05, 0xbe, 0xb5, 0x55, 0x20, 0x3e, 0xfb, 0x3b, 0xb1, 0x3d,
  0xb9, 0xf7, 0x84, 0x3d, 0x20, 0x9d, 0x29, 0x3e, 0x44, 0x7b, 0x63, 0xbd,
  0x0d, 0x39, 0x54, 0x3e, 0x83, 0x2b, 0x3b, 0x3e, 0xc8, 0xcd, 0x53, 0x3e,
  0xbb, 0x40, 0x2c, 0x3e, 0x43, 0x21, 0x0b, 0x3e, 0xe9, 0xe4, 0xf0, 0xbd,
  0x9e, 0x07, 0x21, 0xbe, 0x00, 0x02, 0xd1, 0x3d, 0xbc, 0x27, 0x46, 0x3d,
  0xe8, 0x38, 0x18, 0x3e, 0xf0, 0x91, 0x00, 0x3e, 0xef, 0xa5, 0x1d, 0x3e,
  0x99, 0xf5, 0xd8, 0x3d, 0x04, 0xce, 0x42, 0xbd, 0xfe, 0x46, 0x6f, 0x3e,
  0x46, 0x1d, 0x4d, 0xbd, 0xb8, 0x36, 0x21, 0x3e, 0xa8, 0x4d, 0x00, 0x3e,
  0x00, 0xce, 0xca, 0xbc, 0x64, 0xf7, 0x35, 0xbe, 0x00, 0x33, 0xa5, 0xbd,
  0xa0, 0x24, 0x45, 0x3d, 0x10, 0x40, 0x6d, 0xbd, 0xf8, 0xea, 0x59, 0xbe,
  0xfc, 0xe0, 0x67, 0xbe, 0xd0, 0x6f, 0x71, 0xbd, 0x18, 0x47, 0x8d, 0x3d,
  0x40, 0x11, 0xee, 0xbd, 0x60, 0x96, 0x1c, 0x3d, 0x48, 0x75, 0x4d, 0xbe,
  0xe0, 0xeb, 0x6a, 0x3d, 0x20, 0xdb, 0xac, 0x3c, 0x64, 0xfe, 0x7b, 0xbe,
  0x60, 0x84, 0xe6, 0x3d, 0x90, 0xea, 0x95, 0xbd, 0x38, 0xb0, 0x91, 0x3d,
  0xb8, 0xd9, 0x3d, 0xbe, 0x2c, 0xae, 0x60, 0xbe, 0xe0, 0x31, 0x1d, 0x3e,
  0x20, 0x55, 0x71, 0xbd, 0xd8, 0xab, 0x1e, 0xbe, 0xd4, 0xe1, 0x60, 0x3e,
  0xc0, 0x22, 0x68, 0xbd, 0xd0, 0x50, 0x8d, 0xbd, 0x08, 0x8b, 0xc0, 0xbd,
  0x30, 0x0a, 0xa6, 0xbd, 0xdc, 0x9c, 0x61, 0xbe, 0xc0, 0x99, 0xd2, 0xbc,
  0x64, 0x05, 0x2f, 0xbe, 0x50, 0xf9, 0x23, 0x3d, 0x68, 0xe7, 0x22, 0xbe,
  0xb8, 0x6f, 0x08, 0x3e, 0x08, 0x25, 0x39, 0x3e, 0x7c, 0x04, 0x7f, 0xbe,
  0x10, 0x1c, 0x30, 0xbe, 0x50, 0xb4, 0x14, 0xbd, 0x14, 0x49, 0x16, 0xbe,
  0x80, 0xe0, 0xc2, 0xbc, 0x54, 0x72, 0x33, 0x3e, 0x50, 0xaa, 0x48, 0xbe,
  0x58, 0x24, 0xd0, 0xbd, 0xf0, 0x82, 0xd3, 0x3d, 0xd4, 0x7f, 0x42, 0xbe,
  0xd0, 0xa4, 0x1e, 0x3e, 0x78, 0x49, 0xd9, 0xbd, 0xe8, 0xda, 0xf9, 0xbd,
  0x9c, 0x4e, 0x23, 0xbe, 0xd4, 0xb1, 0x48, 0xbe, 0x80, 0x16, 0x35, 0xbc,
  0x40, 0xea, 0x2f, 0xbd, 0xa0, 0x43, 0xc3, 0xbc, 0x18, 0x32, 0xbe, 0x3d,
  0xe8, 0x7f, 0x1a, 0x3e, 0xe8, 0x3f, 0x80, 0x3d, 0xcc, 0xa2, 0x09, 0xbe,
  0xb0, 0xb6, 0x43, 0x3e, 0x40, 0x33, 0x36, 0xbc, 0x00, 0xb7, 0x23, 0x3b,
  0x20, 0x0a, 0xbf, 0x3d, 0xf8, 0x39, 0x87, 0x3d, 0x5c, 0x0b, 0x01, 0xbe,
  0x80, 0xd5, 0xdc, 0xbd, 0xbd, 0xbb, 0x7d, 0xbe, 0x9b, 0x02, 0x3b, 0x3e,
  0xf7, 0x3a, 0x81, 0xbd, 0x04, 0xe4, 0x36, 0xbe, 0x11, 0xef, 0x14, 0xbe,
  0xec, 0x85, 0x5d, 0xbe, 0x88, 0xed, 0xf1, 0x3d, 0xd9, 0x2d, 0x1e, 0x3e,
  0x66, 0x8d, 0x8c, 0x3b, 0xe2, 0x2c, 0xe6, 0x3d, 0x90, 0x4c, 0x38, 0xbe,
  0xd4, 0xce, 0x65, 0xbe, 0xb6, 0x10, 0x47, 0x3e, 0x47, 0xe9, 0x10, 0x3e,
  0x20, 0x44, 0xcf, 0x3d, 0x04, 0x39, 0x16, 0xbe, 0x9c, 0xfd, 0x63, 0xbe,
  0x3c, 0xc9, 0x31, 0xbe, 0x26, 0xc5, 0x5c, 0x3d, 0xa7, 0xd9, 0x30, 0x3d,
  0xed, 0x91, 0x62, 0x3e, 0xf3, 0x0b, 0x27, 0xbe, 0x60, 0xcc, 0x54, 0x3e,
  0x90, 0xa5, 0x51, 0xbd, 0x29, 0x77, 0x2d, 0xbe, 0xeb, 0xfc, 0x89, 0xbd,
  0x5d, 0x96, 0x52, 0xbb, 0x87, 0x53, 0x37, 0xbd, 0xa3, 0xb4, 0x45, 0x3e,
  0x03, 0xef, 0x1e, 0x3e, 0xf3, 0xd5, 0x37, 0xbd, 0xfa, 0x07, 0x82, 0xbc,
  0xd0, 0x5d, 0x79, 0x3e, 0xc3, 0x2b, 0x06, 0xbe, 0x56, 0x04, 0xe4, 0xbd,
  0x87, 0x39, 0x81, 0xbe, 0x5d, 0xce, 0xe6, 0x3d, 0x10, 0x67, 0xdb, 0xbb,
  0x30, 0x0a, 0x4d, 0x3e, 0x3d, 0xff, 0xf0, 0xbd, 0x87, 0x3d, 0x92, 0x3a,
  0xea, 0xd1, 0xad, 0xbd, 0xd6, 0x11, 0x90, 0xbd, 0x80, 0x4c, 0x40, 0xbd,
  0x20, 0x46, 0x09, 0x3e, 0x07, 0x96, 0x89, 0x3d, 0x87, 0x39, 0x5e, 0x3e,
  0xd4, 0x0e, 0xd5, 0xbd, 0x2a, 0x9c, 0xe3, 0x3d, 0x55, 0xc9, 0x8e, 0x3d,
  0x0a, 0x7b, 0x36, 0xbe, 0x81, 0xeb, 0xfe, 0x3d, 0x2b, 0xaa, 0x86, 0x3d,
  0x33, 0x9f, 0x36, 0xbd, 0xcc, 0xdf, 0x8a, 0xbd, 0x3a, 0x12, 0x37, 0x3e,
  0xe6, 0xcb, 0x5e, 0x3d, 0x99, 0x6c, 0xe5, 0x3c, 0x9c, 0x0b, 0x3e, 0xbd,
  0x05, 0xc9, 0x0f, 0x3e, 0x7b, 0x5e, 0x43, 0x3e, 0x70, 0xff, 0x1f, 0x3c,
  0x88, 0xb2, 0x31, 0x3e, 0xb0, 0x63, 0x6b, 0x3c, 0x67, 0x45, 0xab, 0x3e,
  0x25, 0x4d, 0xcd, 0x3e, 0x77, 0x75, 0x92, 0x3e, 0xd0, 0x5c, 0x58, 0x3e,
  0x69, 0x70, 0x4d, 0x3e, 0x37, 0x9d, 0x50, 0xbe, 0x3e, 0x96, 0x69, 0x3e,
  0x9a, 0xd7, 0x0d, 0xbe, 0x0f, 0x17, 0x9e, 0x3b, 0x36, 0x07, 0x8e, 0x3d,
  0xd8, 0x98, 0x06, 0x3f, 0xd2, 0x45, 0x8e, 0x3e, 0x4f, 0xcc, 0x46, 0x3e,
  0x27, 0x45, 0xed, 0x3e, 0x68, 0x6b, 0xaf, 0xbc, 0x55, 0xe5, 0x77, 0x3e,
  0x60, 0xfd, 0xae, 0xbd, 0xa5, 0x8e, 0x6a, 0xbc, 0xba, 0xd8, 0x57, 0x3e,
  0xac, 0xa1, 0x51, 0x3e, 0x9d, 0xd4, 0x35, 0x3e, 0xf1, 0x45, 0x1a, 0x3f,
  0xa1, 0x55, 0x28, 0x3e, 0x3b, 0x73, 0xf0, 0x3e, 0x7e, 0xcb, 0xb1, 0x3d,
  0xe7, 0x9e, 0x0d, 0x3e, 0x84, 0x11, 0x4d, 0x3e, 0x39, 0x5a, 0xc9, 0x3e,
  0x91, 0x09, 0xce, 0x3e, 0xfd, 0xc0, 0xa1, 0x3e, 0xd0, 0x36, 0x1b, 0xbe,
  0x5b, 0x29, 0x42, 0x3e, 0x4f, 0xab, 0x45, 0x3f, 0xde, 0xb0, 0x46, 0x3e,
  0x33, 0xcc, 0xd2, 0x3e, 0xf5, 0x6f, 0x0d, 0x3f, 0xc8, 0xf3, 0xdf, 0x3d,
  0x81, 0x2f, 0xbe, 0x3e, 0x13, 0x55, 0x73, 0x3e, 0x18, 0x82, 0x93, 0xba,
  0x13, 0x7b, 0x0c, 0x3e, 0xe8, 0xd1, 0x67, 0x3e, 0x2b, 0x73, 0xd5, 0x3e,
  0x99, 0x46, 0x0a, 0xbd, 0x6b, 0x37, 0xb0, 0x3d, 0x76, 0x62, 0x80, 0x3e,
  0xa4, 0xd8, 0xaa, 0xbd, 0xa9, 0x0e, 0x45, 0xbd, 0xc2, 0xa9, 0x7f, 0x3e,
  0xc9, 0x45, 0xb2, 0x3d, 0xbc, 0xdd, 0x0d, 0x3e, 0xed, 0xb6, 0x87, 0x3e,
  0x2c, 0x7a, 0x83, 0x3d, 0x00, 0x43, 0x96, 0x3d, 0x52, 0x1f, 0x97, 0x3d,
  0xc4, 0x35, 0x0d, 0x3e, 0xe2, 0xf1, 0xd8, 0x3d, 0xc5, 0xcc, 0x15, 0xbc,
  0x65, 0x62, 0xc1, 0x3d, 0x55, 0x1b, 0x2c, 0x3e, 0xfe, 0x83, 0x8e, 0xbd,
  0x23, 0x0f, 0xf3, 0x3e, 0x97, 0x41, 0xcc, 0x3b, 0x7e, 0xac, 0x35, 0x3d,
  0x80, 0x56, 0x32, 0x3d, 0x08, 0x28, 0x7b, 0xbe, 0x1c, 0xe1, 0x58, 0xbe,
  0xa8, 0x97, 0xc0, 0xbd, 0xf0, 0x6c, 0x2e, 0xbe, 0x40, 0x6a, 0x18, 0xbc,
  0x00, 0x29, 0xe7, 0xbc, 0x44, 0xd2, 0x69, 0xbe, 0xf0, 0xcf, 0x5b, 0xbe,
  0x78, 0xb2, 0x1c, 0x3e, 0xe4, 0x7d, 0x1a, 0x3e, 0x78, 0xa8, 0x96, 0x3d,
  0x38, 0x4f, 0x3f, 0xbe, 0x60, 0xda, 0x1a, 0xbd, 0x84, 0x70, 0x3a, 0x3e,
  0x38, 0x7c, 0x1d, 0xbe, 0x00, 0x94, 0x63, 0x3c, 0xa8, 0x5f, 0xc1, 0x3d,
  0x64, 0x96, 0x2e, 0xbe, 0x00, 0xff, 0xa9, 0xbc, 0x88, 0x00, 0xd1, 0xbd,
  0x4c, 0x01, 0x49, 0x3e, 0x80, 0xb0, 0x44, 0x3d, 0x08, 0xdc, 0xe9, 0xbd,
  0x20, 0x80, 0xb2, 0xbc, 0x60, 0x87, 0x55, 0xbe, 0x20, 0x35, 0xd5, 0xbd,
  0xe8, 0x74, 0x91, 0x3d, 0x3c, 0x36, 0x18, 0xbe, 0xf4, 0x42, 0x48, 0x3e,
  0x00, 0xb3, 0xad, 0xbb, 0x40, 0xc7, 0x25, 0x3c, 0x00, 0x4b, 0x23, 0xbb,
  0x88, 0x8f, 0xb9, 0xbd, 0xc0, 0x82, 0x51, 0xbd, 0xac, 0xb0, 0x7f, 0xbe,
  0xe0, 0xc0, 0x1e, 0xbe, 0x00, 0xf6, 0x58, 0x3b, 0xd8, 0x8d, 0x1a, 0xbe,
  0x10, 0x82, 0x56, 0xbe, 0x78, 0x91, 0x0e, 0x3e, 0x30, 0x50, 0x69, 0x3e,
  0x80, 0x79, 0x4b, 0xbe, 0x9c, 0x30, 0x13, 0x3e, 0x60, 0xc7, 0xfb, 0x3c,
  0x00, 0xc6, 0x34, 0xbd, 0x80, 0x50, 0x23, 0x3d, 0x6c, 0xd0, 0x44, 0xbe,
  0x00, 0xf1, 0x5a, 0x3d, 0x40, 0x06, 0x5c, 0x3d, 0x00, 0xd8, 0xa1, 0x3c,
  0x80, 0xe5, 0x03, 0xbe, 0x88, 0x61, 0x31, 0x3e, 0xd0, 0x0e, 0x38, 0xbe,
  0xc4, 0x45, 0x74, 0xbe, 0xc0, 0x18, 0x0b, 0xbd, 0x1c, 0x54, 0x2c, 0x3e,
  0x90, 0x1b, 0x1b, 0x3d, 0x48, 0xef, 0xf2, 0x3d, 0xb0, 0xbb, 0x12, 0xbd,
  0xf0, 0x22, 0x97, 0xbd, 0x94, 0x15, 0x10, 0xbe, 0xe0, 0xaf, 0x65, 0x3d,
  0x0c, 0xf4, 0x5d, 0xbe, 0x61, 0xa8, 0xb9, 0xbe, 0x81, 0xc4, 0xa6, 0xbd,
  0x94, 0x82, 0x90, 0x3d, 0x30, 0x47, 0x76, 0x3c, 0x44, 0x44, 0xce, 0x3e,
  0x09, 0xbd, 0xa7, 0x3e, 0x78, 0x92, 0xc2, 0xbc, 0xb9, 0xca, 0x88, 0x3e,
  0xdb, 0x88, 0xb6, 0x3e, 0x44, 0xe5, 0x56, 0xbe, 0x39, 0xa3, 0x02, 0xbf,
  0x8e, 0x4b, 0x50, 0xbe, 0x33, 0xb7, 0xc1, 0x3c, 0x2d, 0x31, 0x87, 0xbe,
  0x68, 0x55, 0xb9, 0xbd, 0x80, 0x2a, 0xc8, 0xbe, 0x5c, 0x37, 0x23, 0x3e,
  0x59, 0xf8, 0xec, 0x3d, 0xc8, 0xac, 0xd0, 0xbe, 0x3f, 0x28, 0x38, 0x3d,
  0xbd, 0xb0, 0x0e, 0xbe, 0x9e, 0x5e, 0x7c, 0xbe, 0x62, 0x30, 0xa7, 0xbe,
  0x73, 0xfe, 0xbf, 0xbe, 0x63, 0x25, 0x82, 0xbb, 0x60, 0xfb, 0x78, 0xbe,
  0x73, 0x48, 0x82, 0xbe, 0xb5, 0x5a, 0x3b, 0xbd, 0xe2, 0x60, 0x3c, 0xbe,
  0xc7, 0x25, 0x15, 0xbe, 0xe3, 0xca, 0x43, 0x3e, 0xf8, 0xcd, 0x62, 0x3d,
  0x5e, 0x2f, 0xf0, 0xbe, 0x70, 0x67, 0x67, 0x3d, 0x75, 0x7d, 0xe6, 0x3c,
  0x85, 0x90, 0xe7, 0xbe, 0x31, 0x74, 0x11, 0xbe, 0x1d, 0x5d, 0x73, 0xbe,
  0x96, 0xd2, 0x70, 0xbe, 0x62, 0x2b, 0x92, 0x3e, 0xa9, 0x04, 0xdb, 0xbe,
  0xe3, 0x2a, 0x6c, 0x3d, 0x0d, 0x4e, 0x5e, 0xbe, 0x27, 0xc3, 0xa2, 0x3d,
  0x6a, 0xe8, 0xf1, 0xbc, 0x04, 0x31, 0xd5, 0xbd, 0xc0, 0x6a, 0xa5, 0x3d,
  0x36, 0xf4, 0x78, 0xbd, 0xe5, 0x2c, 0x8b, 0x3e, 0xd1, 0xda, 0x45, 0xbc,
  0x1e, 0x5f, 0xa9, 0xbe, 0x59, 0xb7, 0xff, 0x3d, 0x65, 0x57, 0x0f, 0xbe,
  0x10, 0x42, 0x18, 0xbe, 0x7f, 0x3c, 0x23, 0xbe, 0x5d, 0x91, 0xbb, 0x3c,
  0x88, 0x00, 0xb1, 0xbe, 0x1c, 0xc8, 0x25, 0xbe, 0x25, 0x6a, 0x30, 0xbe,
  0x5b, 0x4b, 0xe3, 0xbd, 0x50, 0xdd, 0x9e, 0xbd, 0xc7, 0x01, 0x0d, 0xbe,
  0xc1, 0x67, 0x5b, 0x3e, 0x24, 0x68, 0xdb, 0xbd, 0x91, 0x48, 0xc7, 0xbd,
  0x64, 0x5b, 0x9d, 0xbd, 0x04, 0xb2, 0x11, 0xbc, 0xf6, 0x5f, 0xec, 0x3c,
  0xf0, 0xa0, 0xa3, 0x3e, 0xe7, 0x90, 0xa9, 0x3e, 0xa1, 0x52, 0xda, 0xbd,
  0x06, 0x25, 0x58, 0x3d, 0xa2, 0x63, 0x6e, 0x3e, 0xd6, 0xf5, 0x77, 0xbd,
  0xe2, 0xf7, 0x0f, 0xbf, 0xf7, 0x74, 0xca, 0xbe, 0x57, 0x76, 0x0e, 0xbe,
  0xe9, 0x12, 0x18, 0xbe, 0x84, 0xcf, 0x06, 0xbd, 0xa0, 0x64, 0x11, 0xbe,
  0xec, 0x0c, 0x52, 0x3e, 0xee, 0x66, 0x9d, 0xbe, 0x67, 0x2a, 0xa1, 0xbe,
  0x43, 0x9f, 0x37, 0x3d, 0x1d, 0xeb, 0x16, 0xbe, 0x4c, 0x95, 0xdf, 0xbd,
  0xaf, 0xf2, 0x89, 0xbe, 0x5a, 0xef, 0xb7, 0xbc, 0xde, 0xc5, 0x03, 0x3e,
  0x13, 0x72, 0x6b, 0xbd, 0x3c, 0x5c, 0x06, 0x3d, 0x17, 0x91, 0x67, 0xbe,
  0xaa, 0x3d, 0xf6, 0x3d, 0xd1, 0x3b, 0xc6, 0xbe, 0x78, 0xbf, 0x44, 0x3e,
  0xa2, 0x36, 0x92, 0xbe, 0x4b, 0x79, 0xcd, 0xbe, 0xed, 0xc3, 0x2f, 0xbd,
  0x80, 0x70, 0x7d, 0xbe, 0xcf, 0xa9, 0xb7, 0xbe, 0x19, 0x22, 0x5e, 0x3d,
  0x5f, 0xaa, 0xbd, 0x3d, 0x8f, 0x33, 0x65, 0x3e, 0x40, 0x80, 0x79, 0x3e,
  0x5f, 0x79, 0xdf, 0xbe, 0x6d, 0x29, 0x4c, 0xbd, 0x9d, 0xb4, 0x8b, 0xbe,
  0xfb, 0xc5, 0x98, 0x3e, 0xb2, 0xcd, 0x84, 0xbe, 0x9a, 0xde, 0x3e, 0xbd,
  0x88, 0xa3, 0x87, 0x3d, 0xb5, 0x38, 0x91, 0x3c, 0xff, 0x95, 0x13, 0x3e,
  0xe2, 0x59, 0x75, 0x3d, 0x6b, 0x9f, 0xd3, 0xbe, 0xc4, 0x07, 0x0f, 0xbe,
  0xbe, 0xdb, 0x7b, 0x3d, 0x31, 0xa6, 0xa7, 0xbe, 0x2c, 0xb1, 0x83, 0xbe,
  0x0f, 0x98, 0x50, 0xbe, 0x79, 0x82, 0x8b, 0xbd, 0x6c, 0x2f, 0x2d, 0xbd,
  0xe0, 0x33, 0x37, 0xbe, 0xb2, 0xef, 0x42, 0x3c, 0xeb, 0x45, 0x6c, 0xbd,
  0xa1, 0xcc, 0x25, 0xbe, 0x36, 0x6c, 0x36, 0x3e, 0xe0, 0x85, 0x19, 0x3d,
  0xad, 0xc9, 0xa2, 0xbc, 0xa8, 0xb7, 0xd1, 0x3e, 0x05, 0xba, 0x9b, 0x3d,
  0xc2, 0xc9, 0x69, 0x3e, 0x27, 0x48, 0xdd, 0x3c, 0xce, 0x85, 0x33, 0xbd,
  0x17, 0x1c, 0x50, 0x3e, 0xbe, 0x21, 0xe5, 0x3d, 0xf3, 0xb3, 0xc2, 0x3d,
  0x41, 0x0b, 0xc6, 0x3e, 0x6b, 0x93, 0x8c, 0x3e, 0x26, 0x08, 0xa5, 0x3e,
  0x4a, 0x6a, 0xa1, 0x3e, 0x12, 0x1b, 0xa8, 0x3e, 0x30, 0x24, 0xf0, 0x3d,
  0x67, 0x39, 0x03, 0x3e, 0x98, 0xb7, 0xd9, 0xbd, 0xea, 0x5a, 0x43, 0x3e,
  0x6b, 0xf8, 0x3e, 0x3e, 0x2f, 0x52, 0xe2, 0xbd, 0x65, 0x85, 0xf5, 0x3d,
  0x6d, 0xe3, 0x00, 0x3f, 0xb8, 0xf2, 0x65, 0x3e, 0x20, 0x12, 0xc0, 0x3e,
  0x38, 0x8f, 0x5c, 0x3e, 0x24, 0x85, 0xf3, 0x3e, 0x33, 0x27, 0xed, 0x3e,
  0x2b, 0x95, 0xd4, 0x3e, 0x95, 0x37, 0x7a, 0x3d, 0x69, 0x23, 0x2d, 0x3e,
  0xc5, 0x09, 0x1e, 0xbe, 0xea, 0xb9, 0x01, 0x3e, 0x12, 0x60, 0x21, 0x3f,
  0x3d, 0x77, 0xf9, 0x3b, 0xf7, 0x67, 0xed, 0x3c, 0x6f, 0x8b, 0x96, 0x3e,
  0x88, 0x22, 0x6b, 0x3e, 0x5c, 0x24, 0xe9, 0x3d, 0x6f, 0xbe, 0xc2, 0x3c,
  0xe7, 0x89, 0x2c, 0x3e, 0xdd, 0xb0, 0x09, 0x3f, 0xf0, 0xce, 0x11, 0xbd,
  0x35, 0x03, 0xda, 0x3d, 0xa1, 0x2b, 0xf1, 0x3c, 0xd8, 0x1e, 0x23, 0x3e,
  0xcb, 0xcb, 0x3f, 0xbe, 0x59, 0x05, 0xae, 0x3d, 0x45, 0x78, 0xad, 0x3d,
  0x3b, 0x14, 0x36, 0x3e, 0xce, 0xbc, 0xa2, 0xbe, 0xe7, 0x74, 0x0a, 0x3e,
  0x0e, 0xb4, 0xbc, 0x3e, 0x24, 0x83, 0xd5, 0x3d, 0xeb, 0x23, 0xb4, 0x3e,
  0xb9, 0xff, 0x7d, 0x3e, 0x7b, 0xd6, 0x5b, 0xbd, 0xcd, 0x09, 0xb5, 0x3d,
  0xee, 0x75, 0x95, 0x3e, 0x0d, 0x02, 0xaa, 0xbd, 0x98, 0xc2, 0x82, 0x3d,
  0xc1, 0x2f, 0x1d, 0x3b, 0x2a, 0x16, 0x64, 0x3d, 0x5e, 0x9f, 0x11, 0xbe,
  0x79, 0x90, 0xb8, 0x3e, 0xea, 0x59, 0x31, 0x3e, 0x5d, 0x56, 0xb3, 0x3e,
  0x92, 0xe8, 0x90, 0x3e, 0x59, 0x68, 0x42, 0xbe, 0xcf, 0xcf, 0xd0, 0x3c,
  0x8d, 0x8d, 0x73, 0xbe, 0x48, 0x1d, 0xd2, 0x3e, 0x64, 0x45, 0xc5, 0xbe,
  0xe1, 0xb0, 0x8d, 0xbe, 0x68, 0xdd, 0x77, 0x3c, 0x24, 0x4a, 0xea, 0x3e,
  0x59, 0x32, 0xe3, 0x3d, 0xae, 0x15, 0x02, 0x3e, 0x6b, 0x5b, 0x51, 0x3e,
  0x1a, 0xf6, 0x66, 0xbe, 0xae, 0x39, 0x18, 0x3d, 0x40, 0x42, 0xde, 0x3d,
  0x4e, 0x5b, 0xcc, 0x3e, 0xb2, 0xbd, 0xb8, 0x3b, 0x3d, 0x8b, 0xd6, 0xbe,
  0x79, 0x1e, 0x5e, 0x3e, 0x88, 0xec, 0x8a, 0x3e, 0x43, 0x89, 0xfb, 0x3e,
  0xcb, 0xf4, 0xb5, 0x3c, 0xe1, 0xd4, 0x14, 0xbe, 0x57, 0x16, 0xcf, 0x3e,
  0x2e, 0x3a, 0x93, 0x3d, 0xb8, 0x66, 0xbf, 0x3e, 0x60, 0x60, 0xae, 0x3c,
  0x41, 0x72, 0x07, 0xbd, 0xac, 0x5c, 0x2f, 0x3e, 0x1a, 0xc7, 0xca, 0x3e,
  0x37, 0x16, 0x14, 0x3f, 0x48, 0x01, 0x50, 0xbe, 0x71, 0x27, 0xdf, 0x3d,
  0x87, 0xaa, 0xba, 0x3e, 0x32, 0x44, 0x0a, 0xbd, 0xdd, 0x9d, 0xd3, 0x3e,
  0xf1, 0x87, 0xa3, 0xbd, 0x32, 0xf4, 0x85, 0x3e, 0x73, 0xe6, 0x7e, 0x3e,
  0x6e, 0xee, 0xb8, 0x3e, 0xb8, 0xa4, 0xae, 0x3e, 0xd5, 0x23, 0xf9, 0x3b,
  0x4a, 0xc9, 0x9f, 0x3c, 0x3d, 0xd2, 0xea, 0xbd, 0x04, 0x3d, 0x86, 0xbd,
  0x94, 0x6f, 0x17, 0xbe, 0x2b, 0xe6, 0xbb, 0x3d, 0x70, 0x52, 0xbd, 0xbe,
  0x32, 0xee, 0xf1, 0x3e, 0x6b, 0xd7, 0xbb, 0x3e, 0xc9, 0xba, 0x20, 0x3e,
  0x34, 0x04, 0xe7, 0x3e, 0x22, 0xaa, 0x96, 0x3d, 0x70, 0xba, 0xe8, 0xbd,
  0x68, 0x76, 0x7b, 0x3e, 0xb8, 0xa4, 0xef, 0x3d, 0x69, 0xc3, 0x7f, 0xbc,
  0x4e, 0xb6, 0x8c, 0x3d, 0xc3, 0x22, 0x04, 0xbe, 0x55, 0x31, 0x53, 0x3e,
  0xd9, 0x10, 0x80, 0x3e, 0xa1, 0x73, 0xd4, 0x3e, 0xf0, 0xd6, 0x1a, 0x3d,
  0xb1, 0xcf, 0x2c, 0xbe, 0xb7, 0x9d, 0xc4, 0xbd, 0x24, 0xfd, 0x5d, 0x3e,
  0x20, 0xe6, 0x39, 0xbd, 0x90, 0x91, 0x2d, 0xbd, 0x7e, 0x88, 0x2c, 0xbe,
  0x11, 0x71, 0x28, 0xbe, 0x9e, 0x6f, 0x68, 0xbe, 0xd8, 0x24, 0x6e, 0x3e,
  0x28, 0x96, 0x6a, 0xbe, 0x9a, 0x9f, 0x00, 0x3e, 0x28, 0x82, 0x59, 0xbe,
  0xd6, 0x3a, 0x1a, 0xbe, 0xf0, 0x5c, 0x2f, 0x3d, 0xbf, 0x2b, 0xe9, 0xbd,
  0xc0, 0xc3, 0x9e, 0xbc, 0xad, 0x11, 0xf1, 0xbd, 0xdd, 0x5f, 0x54, 0x3e,
  0x39, 0xab, 0x37, 0x3d, 0x58, 0x66, 0x19, 0xbe, 0x64, 0xdb, 0x13, 0xbe,
  0x28, 0x64, 0x5c, 0xbe, 0xf0, 0x22, 0x5f, 0xbe, 0x91, 0x49, 0x61, 0x3e,
  0x24, 0x6c, 0x66, 0xbe, 0xcb, 0x44, 0xa1, 0xbd, 0x4e, 0xfa, 0xc7, 0x3d,
  0x39, 0x86, 0x0e, 0x3d, 0xe1, 0x17, 0x65, 0x3e, 0x78, 0x7e, 0xe9, 0x3d,
  0x8c, 0x3c, 0x69, 0x3e, 0xf0, 0xd4, 0x31, 0xbd, 0x38, 0x31, 0x78, 0xbe,
  0xe5, 0x7a, 0x2e, 0x3e, 0x61, 0x0a, 0xb8, 0xbc, 0x25, 0x21, 0x5a, 0xbe,
  0x7c, 0x0c, 0xe2, 0x3c, 0x08, 0x43, 0x3f, 0x3e, 0x79, 0x86, 0x47, 0xbd,
  0x3f, 0x21, 0xa5, 0x3d, 0x5f, 0x42, 0xc7, 0x3d, 0x8d, 0xf8, 0xa2, 0xbc,
  0x8a, 0x22, 0xd4, 0xbd, 0x51, 0x91, 0xe4, 0xbd, 0x58, 0x52, 0x72, 0x3e,
  0xcb, 0x69, 0x6c, 0xbc, 0xf0, 0x20, 0x14, 0xbd, 0x64, 0x26, 0x20, 0x3e,
  0x90, 0x2f, 0xe7, 0xbd, 0x24, 0x7b, 0x6b, 0x3e, 0x0a, 0x9b, 0x40, 0x3d,
  0x94, 0xef, 0x00, 0xbe, 0x2e, 0xfb, 0x8e, 0xba, 0x70, 0x4e, 0x77, 0xbe,
  0xe8, 0xa5, 0x68, 0x3e, 0x98, 0xa3, 0xd3, 0xbd, 0x30, 0x56, 0xb4, 0xbd,
  0xfc, 0xe8, 0x78, 0xbe, 0x7c, 0xd9, 0x0d, 0x3e, 0xff, 0x85, 0x27, 0xbe,
  0xe0, 0x17, 0x55, 0xbd, 0x7f, 0x91, 0xf8, 0x3d, 0x88, 0x83, 0x33, 0x3e,
  0x57, 0xde, 0xb5, 0x3d, 0xa4, 0x1b, 0x0a, 0xbe, 0xfb, 0x3a, 0xa9, 0xbe,
  0x33, 0x65, 0xa8, 0x3d, 0x75, 0x3f, 0x57, 0x3e, 0x58, 0xc0, 0xa7, 0x3e,
  0xd3, 0xd1, 0xa2, 0xbe, 0x69, 0x01, 0xc4, 0x3e, 0x5d, 0x5c, 0xe7, 0x3e,
  0x25, 0x38, 0x07, 0x3e, 0x22, 0xa8, 0x27, 0xbf, 0xcb, 0x6f, 0xe3, 0xbe,
  0xa8, 0x1c, 0x8a, 0xbe, 0x92, 0x9d, 0xc1, 0xbc, 0x68, 0x43, 0x80, 0xbe,
  0x65, 0x6c, 0xcb, 0xbe, 0x78, 0x07, 0xc9, 0xbd, 0x36, 0x47, 0x80, 0xbd,
  0x94, 0x4f, 0xfc, 0xbd, 0x49, 0x06, 0x2a, 0x3e, 0x2d, 0x21, 0xcb, 0xbe,
  0xd4, 0x36, 0xd7, 0xbe, 0x2a, 0xd5, 0x0d, 0xbf, 0xb4, 0x72, 0xd3, 0xbe,
  0xac, 0x67, 0x39, 0x3e, 0x73, 0x97, 0x52, 0xbe, 0xa2, 0x49, 0x3a, 0xbe,
  0x53, 0xfd, 0x0c, 0xbe, 0xf4, 0xaf, 0x10, 0x3d, 0xd5, 0x4c, 0xb5, 0xbe,
  0x00, 0x45, 0x4b, 0x3b, 0x0d, 0xd4, 0x7f, 0xbe, 0xa9, 0xae, 0x09, 0xbf,
  0xfe, 0xe4, 0xf9, 0xbc, 0x9e, 0x81, 0x9c, 0xbe, 0x7a, 0xdc, 0xdc, 0xbe,
  0x49, 0x3d, 0x00, 0xbd, 0x89, 0xe8, 0x44, 0x3d, 0xca, 0x5d, 0x8f, 0x3d,
  0xad, 0x83, 0xaf, 0x3e, 0x3d, 0xeb, 0xa9, 0xbe, 0x14, 0xa0, 0xa0, 0xbe,
  0xbc, 0x17, 0xa5, 0xbe, 0x9e, 0x00, 0xc7, 0x3d, 0x4a, 0x1d, 0x2f, 0xbd,
  0xf8, 0x3a, 0xcc, 0x3d, 0xa6, 0x61, 0x9a, 0x3e, 0x47, 0x78, 0x14, 0x3d,
  0xf7, 0x2b, 0xfb, 0xbc, 0xe2, 0xff, 0xcc, 0x3e, 0xcb, 0xfc, 0x9c, 0xbe,
  0x81, 0x3a, 0x9c, 0x3d, 0xcb, 0x4d, 0x2a, 0xbe, 0x42, 0x8f, 0x27, 0x3d,
  0x1a, 0x81, 0x7b, 0xbe, 0x56, 0x9c, 0x5d, 0xbe, 0xfe, 0xaf, 0xbf, 0xbd,
  0x8f, 0x52, 0xe2, 0xbd, 0x97, 0xeb, 0x7a, 0xbe, 0xd4, 0x74, 0x14, 0x3e,
  0xd5, 0x49, 0x64, 0x3c, 0xf3, 0xcc, 0x4b, 0xbe, 0x59, 0x30, 0x5d, 0xbd,
  0x41, 0xf2, 0x60, 0xbe, 0x26, 0xfb, 0xff, 0xff, 0x10, 0x00, 0x00, 0x00,
  0x08, 0x00, 0x00, 0x00, 0x14, 0x00, 0x00, 0x00, 0x2c, 0x00, 0x00, 0x00,
  0x02, 0x00, 0x00, 0x00, 0x20, 0x00, 0x00, 0x00, 0x40, 0x00, 0x00, 0x00,
  0x17, 0x00, 0x00, 0x00, 0x73, 0x65, 0x71, 0x75, 0x65, 0x6e, 0x74, 0x69,
  0x61, 0x6c, 0x2f, 0x64, 0x65, 0x6e, 0x73, 0x65, 0x2f, 0x4d, 0x61, 0x74,
  0x4d, 0x75, 0x6c, 0x00, 0x98, 0xfa, 0xff, 0xff, 0xfa, 0xfb, 0xff, 0xff,
  0x04, 0x00, 0x00, 0x00, 0x00, 0x01, 0x00, 0x00, 0x01, 0xc5, 0xb1, 0xbc,
  0xa2, 0x1a, 0x0a, 0xbd, 0xf6, 0x5e, 0x49, 0xbd, 0x04, 0xd0, 0x3d, 0xbd,
  0xf9, 0xb1, 0x36, 0x3e, 0xb4, 0xbe, 0x26, 0x3e, 0x3d, 0x73, 0x97, 0xbd,
  0x3f, 0xd5, 0xc6, 0x3d, 0x22, 0xd6, 0xdc, 0x3d, 0x79, 0xf8, 0x06, 0xbc,
  0x28, 0x57, 0xb6, 0xbd, 0x2b, 0x12, 0x40, 0xbd, 0xfc, 0xf2, 0xfe, 0xbc,
  0x47, 0x7c, 0x1c, 0xbd, 0xc3, 0x18, 0x3a, 0xbc, 0xc9, 0xf0, 0x17, 0xbd,
  0x00, 0x00, 0x00, 0x00, 0x0d, 0xa5, 0x42, 0xbd, 0xca, 0x96, 0x43, 0xbd,
  0xcf, 0x7b, 0x8e, 0x3c, 0x4c, 0x4c, 0x8b, 0xbd, 0x74, 0x0c, 0xf1, 0xbc,
  0x03, 0xc0, 0x9f, 0xbd, 0x5c, 0x3c, 0x9c, 0x3c, 0xee, 0x6e, 0x19, 0xbc,
  0xcc, 0x36, 0x35, 0xbd, 0x8d, 0x54, 0x52, 0xbd, 0x40, 0xea, 0x81, 0xbd,
  0x74, 0x8e, 0x57, 0xbd, 0xda, 0x39, 0x14, 0xbd, 0x72, 0x0d, 0x18, 0xbc,
  0x38, 0x4a, 0x21, 0x3c, 0xe2, 0xf1, 0x6c, 0xbd, 0xc7, 0xb1, 0x1a, 0xbd,
  0x10, 0x3c, 0x0f, 0xbd, 0xa1, 0x27, 0x49, 0xbd, 0xfe, 0xd9, 0x0b, 0xbb,
  0xf2, 0x9f, 0x80, 0xbd, 0x57, 0xad, 0x0c, 0xbc, 0x6c, 0xdd, 0x9b, 0x3d,
  0x07, 0xde, 0x10, 0xbd, 0x34, 0x95, 0x49, 0xbc, 0xb5, 0x22, 0x31, 0xbd,
  0x72, 0xb8, 0x8b, 0x3d, 0x23, 0x41, 0xd5, 0xbc, 0xbe, 0xd9, 0x05, 0xbd,
  0x8a, 0x1d, 0xcd, 0x3d, 0x38, 0xf2, 0x25, 0xbd, 0xb0, 0x3e, 0x29, 0x3a,
  0xc6, 0xd7, 0xf1, 0x3d, 0x49, 0x2e, 0x52, 0xbd, 0xd9, 0x96, 0xfb, 0xbc,
  0xbb, 0x29, 0x25, 0xbd, 0xc4, 0x30, 0x28, 0xbd, 0x25, 0xc0, 0x82, 0xbd,
  0x8d, 0x19, 0x0d, 0xbc, 0x69, 0x56, 0xc0, 0xba, 0x22, 0x04, 0xd1, 0xbb,
  0xfc, 0x3f, 0x3d, 0x3b, 0x1d, 0x4a, 0x37, 0xbc, 0x19, 0xbe, 0x76, 0xbc,
  0x70, 0x5c, 0x34, 0x3b, 0x40, 0x66, 0xee, 0xbb, 0xe7, 0x18, 0x4e, 0xbd,
  0x72, 0xfc, 0xff, 0xff, 0x10, 0x00, 0x00, 0x00, 0x07, 0x00, 0x00, 0x00,
  0x10, 0x00, 0x00, 0x00, 0x50, 0x00, 0x00, 0x00, 0x01, 0x00, 0x00, 0x00,
  0x40, 0x00, 0x00, 0x00, 0x3d, 0x00, 0x00, 0x00, 0x73, 0x65, 0x71, 0x75,
  0x65, 0x6e, 0x74, 0x69, 0x61, 0x6c, 0x2f, 0x73, 0x65, 0x70, 0x61, 0x72,
  0x61, 0x62, 0x6c, 0x65, 0x5f, 0x63, 0x6f, 0x6e, 0x76, 0x32, 0x64, 0x5f,
  0x32, 0x2f, 0x42, 0x69, 0x61, 0x73, 0x41, 0x64, 0x64, 0x2f, 0x52, 0x65,
  0x61, 0x64, 0x56, 0x61, 0x72, 0x69, 0x61, 0x62, 0x6c, 0x65, 0x4f, 0x70,
  0x2f, 0x72, 0x65, 0x73, 0x6f, 0x75, 0x72, 0x63, 0x65, 0x00, 0x00, 0x00,
  0x08, 0xfc, 0xff, 0xff, 0x6a, 0xfd, 0xff, 0xff, 0x04, 0x00, 0x00, 0x00,
  0x80, 0x00, 0x00, 0x00, 0xae, 0x7e, 0xe1, 0xbd, 0x3f, 0xa1, 0x7a, 0x3c,
  0xfc, 0xb1, 0x56, 0xbd, 0x07, 0x28, 0x86, 0x3d, 0xee, 0x47, 0x68, 0xbd,
  0x01, 0x5f, 0x11, 0x3e, 0xb0, 0x64, 0x9f, 0x3a, 0x98, 0xf5, 0xc9, 0xbb,
  0x11, 0x6e, 0x1e, 0xbd, 0x68, 0x9a, 0x9e, 0xbd, 0xf0, 0x7c, 0x21, 0x3e,
  0x23, 0x8a, 0xa8, 0xbd, 0x9c, 0x5e, 0x9a, 0x3d, 0xc5, 0xf4, 0x5e, 0x3d,
  0x39, 0x06, 0x47, 0xbd, 0xe6, 0x3b, 0xc6, 0xbd, 0x4c, 0x7b, 0xb2, 0xbc,
  0x3b, 0x0d, 0xce, 0x3d, 0x19, 0xa8, 0xc5, 0xbd, 0xdc, 0x87, 0x56, 0xbd,
  0x26, 0xf6, 0x04, 0x3d, 0xcc, 0x30, 0x03, 0xbd, 0x4a, 0x34, 0x31, 0x3e,
  0x67, 0xd3, 0x6a, 0xbd, 0x19, 0x30, 0x77, 0x3d, 0x77, 0x45, 0xfc, 0x3d,
  0x6e, 0xad, 0x3b, 0xbd, 0xf3, 0xab, 0x5a, 0x3d, 0x60, 0xd6, 0x99, 0x3b,
  0x6c, 0x00, 0x42, 0xbd, 0xb3, 0x4b, 0x61, 0xbd, 0xef, 0xb5, 0xd2, 0x3b,
  0x62, 0xfd, 0xff, 0xff, 0x10, 0x00, 0x00, 0x00, 0x06, 0x00, 0x00, 0x00,
  0x10, 0x00, 0x00, 0x00, 0x50, 0x00, 0x00, 0x00, 0x01, 0x00, 0x00, 0x00,
  0x20, 0x00, 0x00, 0x00, 0x3d, 0x00, 0x00, 0x00, 0x73, 0x65, 0x71, 0x75,
  0x65, 0x6e, 0x74, 0x69, 0x61, 0x6c, 0x2f, 0x73, 0x65, 0x70, 0x61, 0x72,
  0x61, 0x62, 0x6c, 0x65, 0x5f, 0x63, 0x6f, 0x6e, 0x76, 0x32, 0x64, 0x5f,
  0x31, 0x2f, 0x42, 0x69, 0x61, 0x73, 0x41, 0x64, 0x64, 0x2f, 0x52, 0x65,
  0x61, 0x64, 0x56, 0x61, 0x72, 0x69, 0x61, 0x62, 0x6c, 0x65, 0x4f, 0x70,
  0x2f, 0x72, 0x65, 0x73, 0x6f, 0x75, 0x72, 0x63, 0x65, 0x00, 0x00, 0x00,
  0xf8, 0xfc, 0xff, 0xff, 0x5a, 0xfe, 0xff, 0xff, 0x04, 0x00, 0x00, 0x00,
  0x40, 0x00, 0x00, 0x00, 0x68, 0x37, 0xc3, 0x3d, 0x3e, 0x72, 0xe0, 0xbb,
  0x68, 0x09, 0x9d, 0x3d, 0xe0, 0xe1, 0xb2, 0x3d, 0xe3, 0xfb, 0x19, 0x3e,
  0x0e, 0xf5, 0x5a, 0xbd, 0x4c, 0x05, 0x83, 0x3d, 0x9e, 0x57, 0x48, 0x3d,
  0x6d, 0xb9, 0xa8, 0xbc, 0xf3, 0xf0, 0xb3, 0x3d, 0x59, 0x9b, 0x8c, 0x3d,
  0x79, 0x4f, 0x41, 0x3e, 0xfc, 0x20, 0x8c, 0xbd, 0x41, 0x06, 0x5d, 0x3d,
  0x76, 0x9c, 0x5d, 0xbc, 0x0b, 0x63, 0x04, 0xbe, 0x12, 0xfe, 0xff, 0xff,
  0x10, 0x00, 0x00, 0x00, 0x05, 0x00, 0x00, 0x00, 0x10, 0x00, 0x00, 0x00,
  0x4c, 0x00, 0x00, 0x00, 0x01, 0x00, 0x00, 0x00, 0x10, 0x00, 0x00, 0x00,
  0x3b, 0x00, 0x00, 0x00, 0x73, 0x65, 0x71, 0x75, 0x65, 0x6e, 0x74, 0x69,
  0x61, 0x6c, 0x2f, 0x73, 0x65, 0x70, 0x61, 0x72, 0x61, 0x62, 0x6c, 0x65,
  0x5f, 0x63, 0x6f, 0x6e, 0x76, 0x32, 0x64, 0x2f, 0x42, 0x69, 0x61, 0x73,
  0x41, 0x64, 0x64, 0x2f, 0x52, 0x65, 0x61, 0x64, 0x56, 0x61, 0x72, 0x69,
  0x61, 0x62, 0x6c, 0x65, 0x4f, 0x70, 0x2f, 0x72, 0x65, 0x73, 0x6f, 0x75,
  0x72, 0x63, 0x65, 0x00, 0xa4, 0xfd, 0xff, 0xff, 0x06, 0xff, 0xff, 0xff,
  0x04, 0x00, 0x00, 0x00, 0x08, 0x00, 0x00, 0x00, 0x01, 0x00, 0x00, 0x00,
  0x02, 0x00, 0x00, 0x00, 0x00, 0x00, 0x0e, 0x00, 0x18, 0x00, 0x08, 0x00,
  0x07, 0x00, 0x0c, 0x00, 0x10, 0x00, 0x14, 0x00, 0x0e, 0x00, 0x00, 0x00,
  0x00, 0x00, 0x00, 0x02, 0x10, 0x00, 0x00, 0x00, 0x04, 0x00, 0x00, 0x00,
  0x10, 0x00, 0x00, 0x00, 0x4c, 0x00, 0x00, 0x00, 0x01, 0x00, 0x00, 0x00,
  0x02, 0x00, 0x00, 0x00, 0x3a, 0x00, 0x00, 0x00, 0x73, 0x65, 0x71, 0x75,
  0x65, 0x6e, 0x74, 0x69, 0x61, 0x6c, 0x2f, 0x67, 0x6c, 0x6f, 0x62, 0x61,
  0x6c, 0x5f, 0x61, 0x76, 0x65, 0x72, 0x61, 0x67, 0x65, 0x5f, 0x70, 0x6f,
  0x6f, 0x6c, 0x69, 0x6e, 0x67, 0x32, 0x64, 0x2f, 0x4d, 0x65, 0x61, 0x6e,
  0x2f, 0x72, 0x65, 0x64, 0x75, 0x63, 0x74, 0x69, 0x6f, 0x6e, 0x5f, 0x69,
  0x6e, 0x64, 0x69, 0x63, 0x65, 0x73, 0x00, 0x00, 0x2c, 0xfe, 0xff, 0xff,
  0x8e, 0xff, 0xff, 0xff, 0x04, 0x00, 0x00, 0x00, 0x08, 0x00, 0x00, 0x00,
  0x11, 0xa9, 0x51, 0xbd, 0x13, 0xa9, 0x51, 0x3d, 0x0e, 0xff, 0xff, 0xff,
  0x10, 0x00, 0x00, 0x00, 0x03, 0x00, 0x00, 0x00, 0x10, 0x00, 0x00, 0x00,
  0x48, 0x00, 0x00, 0x00, 0x01, 0x00, 0x00, 0x00, 0x02, 0x00, 0x00, 0x00,
  0x32, 0x00, 0x00, 0x00, 0x73, 0x65, 0x71, 0x75, 0x65, 0x6e, 0x74, 0x69,
  0x61, 0x6c, 0x2f, 0x64, 0x65, 0x6e, 0x73, 0x65, 0x5f, 0x31, 0x2f, 0x42,
  0x69, 0x61, 0x73, 0x41, 0x64, 0x64, 0x2f, 0x52, 0x65, 0x61, 0x64, 0x56,
  0x61, 0x72, 0x69, 0x61, 0x62, 0x6c, 0x65, 0x4f, 0x70, 0x2f, 0x72, 0x65,
  0x73, 0x6f, 0x75, 0x72, 0x63, 0x65, 0x00, 0x00, 0x04, 0x00, 0x06, 0x00,
  0x04, 0x00, 0x00, 0x00, 0x00, 0x00, 0x06, 0x00, 0x08, 0x00, 0x04, 0x00,
  0x06, 0x00, 0x00, 0x00, 0x04, 0x00, 0x00, 0x00, 0x80, 0x00, 0x00, 0x00,
  0xfc, 0x9f, 0x70, 0xbb, 0x6a, 0xae, 0xd2, 0xbc, 0xec, 0xba, 0xd0, 0xbc,
  0xc7, 0x18, 0x7f, 0x3d, 0x0e, 0x8d, 0xac, 0xbc, 0x00, 0x00, 0x00, 0x00,
  0x1c, 0x2c, 0x9e, 0xbc, 0x02, 0xa5, 0x07, 0x3e, 0x4d, 0x19, 0x8c, 0xbc,
  0xe8, 0xfa, 0x67, 0xbc, 0xc1, 0x85, 0xbb, 0xbb, 0x3d, 0xc7, 0xf3, 0x3d,
  0x54, 0xc4, 0x9e, 0xbc, 0xbb, 0x19, 0xb6, 0xbb, 0x80, 0xbc, 0xaf, 0x3d,
  0x2e, 0x7d, 0xa7, 0xbb, 0x00, 0x00, 0x00, 0x00, 0x68, 0xb0, 0x1b, 0xb8,
  0x66, 0x2f, 0xa1, 0xbc, 0x4c, 0xc7, 0xc4, 0xbb, 0x4b, 0xfb, 0xc5, 0xbb,
  0x2a, 0xc6, 0x42, 0xbb, 0x00, 0x00, 0x00, 0x00, 0xd6, 0x33, 0x45, 0xbb,
  0xee, 0xe9, 0x78, 0xbc, 0x00, 0x00, 0x00, 0x00, 0x31, 0x90, 0xb0, 0x3d,
  0x62, 0x87, 0x00, 0x3e, 0x25, 0x3b, 0x68, 0xbd, 0xd8, 0x99, 0xb6, 0xbd,
  0x66, 0xc3, 0xc4, 0xbb, 0x54, 0x70, 0xe6, 0x3d, 0x00, 0x00, 0x0e, 0x00,
  0x14, 0x00, 0x04, 0x00, 0x00, 0x00, 0x08, 0x00, 0x0c, 0x00, 0x10, 0x00,
  0x0e, 0x00, 0x00, 0x00, 0x10, 0x00, 0x00, 0x00, 0x02, 0x00, 0x00, 0x00,
  0x10, 0x00, 0x00, 0x00, 0x44, 0x00, 0x00, 0x00, 0x01, 0x00, 0x00, 0x00,
  0x20, 0x00, 0x00, 0x00, 0x30, 0x00, 0x00, 0x00, 0x73, 0x65, 0x71, 0x75,
  0x65, 0x6e, 0x74, 0x69, 0x61, 0x6c, 0x2f, 0x64, 0x65, 0x6e, 0x73, 0x65,
  0x2f, 0x42, 0x69, 0x61, 0x73, 0x41, 0x64, 0x64, 0x2f, 0x52, 0x65, 0x61,
  0x64, 0x56, 0x61, 0x72, 0x69, 0x61, 0x62, 0x6c, 0x65, 0x4f, 0x70, 0x2f,
  0x72, 0x65, 0x73, 0x6f, 0x75, 0x72, 0x63, 0x65, 0x00, 0x00, 0x00, 0x00,
  0x98, 0xff, 0xff, 0xff, 0x14, 0x00, 0x18, 0x00, 0x04, 0x00, 0x00, 0x00,
  0x08, 0x00, 0x0c, 0x00, 0x10, 0x00, 0x00, 0x00, 0x00, 0x00, 0x14, 0x00,
  0x14, 0x00, 0x00, 0x00, 0x14, 0x00, 0x00, 0x00, 0x01, 0x00, 0x00, 0x00,
  0x34, 0x00, 0x00, 0x00, 0x3c, 0x00, 0x00, 0x00, 0x18, 0x00, 0x00, 0x00,
  0x04, 0x00, 0x00, 0x00, 0x01, 0x00, 0x00, 0x00, 0x78, 0x00, 0x00, 0x00,
  0x06, 0x00, 0x00, 0x00, 0x01, 0x00, 0x00, 0x00, 0x04, 0x00, 0x00, 0x00,
  0xff, 0xff, 0xff, 0xff, 0x78, 0x00, 0x00, 0x00, 0x06, 0x00, 0x00, 0x00,
  0x01, 0x00, 0x00, 0x00, 0x07, 0x00, 0x00, 0x00, 0x69, 0x6e, 0x70, 0x75,
  0x74, 0x5f, 0x31, 0x00, 0xfc, 0xff, 0xff, 0xff, 0x04, 0x00, 0x04, 0x00,
  0x04, 0x00, 0x00, 0x00
};

#endif //FALL_MODEL_H